Direction,Elevator,Floor,Garden,Id,Layout,Price,Region,Renovation,Size,Year
南北,无电梯,低楼层(共6层),翠竹苑,0,3室1厅,365.0,浦东,简装,77.84,1995.0
南,有电梯,低楼层(共36层),百汇园,1,3室2厅,1449.0,徐汇,精装,145.2,1995.0
南北,有电梯,中楼层(共26层),仁恒河滨城(二期),2,3室2厅,1630.0,浦东,精装,161.94,1995.0
南,有电梯,高楼层(共30层),财富海景花园,3,3室2厅,2000.0,浦东,精装,185,1995.0
东,有电梯,中楼层(共26层),仁恒滨江园,4,3室2厅,1360.0,浦东,精装,130.41,1995.0
南,有电梯,中楼层(共34层),老西门新苑,5,3室2厅,1366.0,黄浦,精装,143.08,1995.0
南,有电梯,中楼层(共13层),浦江茗园,6,3室2厅,1180.0,浦东,精装,141.25,1995.0
西南,有电梯,高楼层(共41层),世茂滨江花园,7,2室2厅,1450.0,浦东,精装,147.39,1995.0
南,有电梯,中楼层(共11层),中芯花园(公寓),8,2室2厅,630.0,浦东,精装,101.86,1995.0
南北,无电梯,低楼层(共6层),金水苑,9,3室2厅,240.0,奉贤,简装,133.62,1995.0
南北,有电梯,中楼层(共31层),上海滩花园,10,2室2厅,1290.0,黄浦,精装,120.61,1995.0
南,无电梯,中楼层(共5层),绿野香洲(公寓),11,3室2厅,660.0,闵行,精装,107.53,1995.0
南北,无电梯,高楼层(共7层),光复新苑,12,3室2厅,540.0,普陀,精装,90.52,1995.0
南,有电梯,高楼层(共16层),上海绿城,13,3室2厅,1150.0,浦东,精装,134.55,1995.0
南,有电梯,低楼层(共11层),万科城花新园,14,3室2厅,860.0,闵行,精装,129.73,1995.0
南,有电梯,低楼层(共18层),鸿凯湾绿苑,15,3室2厅,1090.0,长宁,简装,120.76,1995.0
南,有电梯,低楼层(共18层),荣域飘鹰锦和花园(公寓),16,2室2厅,315.0,宝山,毛坯,90.5,1995.0
南,有电梯,低楼层(共9层),恒大华城天地苑,17,3室2厅,768.0,浦东,简装,115.67,1995.0
南,有电梯,高楼层(共18层),中环家园,18,3室2厅,850.0,普陀,精装,131.58,1995.0
南,有电梯,低楼层(共35层),浦东世纪花园(公寓),19,3室2厅,1400.0,浦东,精装,179.52,1995.0
南,有电梯,低楼层(共18层),星颂家园,20,2室2厅,265.0,浦东,精装,72.64,1995.0
南,有电梯,低楼层(共11层),莲浦府邸(公寓),21,3室2厅,975.0,闵行,精装,141.21,1995.0
南,有电梯,高楼层(共13层),广洋新景苑(公寓),22,2室2厅,1000.0,浦东,精装,116.54,1995.0
南,有电梯,中楼层(共11层),欧风花都,23,2室2厅,628.0,闵行,精装,104.89,1995.0
南,无电梯,高楼层(共6层),长兴坊,24,3室1厅,515.0,徐汇,精装,83.88,1995.0
南,无电梯,高楼层(共6层),锦绣苑,25,2室2厅,660.0,浦东,精装,98.18,1995.0
南,无电梯,低楼层(共6层),兴浦新村,26,2室1厅,255.0,杨浦,简装,63.98,1995.0
南,无电梯,中楼层(共5层),安图新村,27,2室1厅,320.0,杨浦,精装,58.05,1995.0
南,有电梯,低楼层(共15层),绿地新江桥城,28,2室1厅,303.0,嘉定,其他,77.42,1995.0
南北,有电梯,高楼层(共11层),绿地世纪城(二期),29,3室2厅,898.0,普陀,精装,113.05,1995.0
南,有电梯,高楼层(共30层),仁恒河滨城(二期),30,3室2厅,1290.0,浦东,精装,151.16,1995.0
南北,有电梯,高楼层(共14层),盛达家园,31,2室2厅,380.0,宝山,简装,91.42,1995.0
南,有电梯,中楼层(共18层),香梅花园(三-五期),32,3室2厅,1379.0,浦东,其他,160.87,1995.0
南,有电梯,高楼层(共11层),君莲新城广润苑,33,2室2厅,355.0,闵行,简装,86.37,1995.0
南,有电梯,高楼层(共12层),新梅公寓,34,2室2厅,499.0,闵行,精装,108.53,1995.0
南,无电梯,低楼层(共6层),振宏小区,35,2室1厅,375.0,闵行,精装,65,1995.0
南,有电梯,中楼层(共18层),紫薇园,36,3室1厅,660.0,徐汇,简装,107.27,1995.0
南,有电梯,中楼层(共12层),新江湾城雍景苑,37,3室1厅,935.0,杨浦,精装,136.18,1995.0
南,有电梯,低楼层(共13层),绿城玉兰花园(一期),38,3室2厅,1260.0,浦东,精装,191.76,1995.0
南北,有电梯,高楼层(共13层),翰锦苑,39,3室2厅,740.0,浦东,精装,114.86,1995.0
南,有电梯,低楼层(共24层),嘉瑞花苑,40,2室2厅,900.0,徐汇,精装,115.17,1995.0
南,有电梯,高楼层(共35层),浦东世纪花园(公寓),41,3室2厅,1600.0,浦东,精装,179.52,1995.0
南,有电梯,中楼层(共7层),东方知音苑,42,3室2厅,970.0,浦东,精装,115,1995.0
南,,低楼层(共30层),华丽家族汇景天地(商业类),43,1室0厅,358.0,黄浦,精装,80.87,1995.0
南,无电梯,高楼层(共6层),航华四村,44,2室1厅,255.0,闵行,其他,66.57,1995.0
南,有电梯,高楼层(共15层),上海康城,45,3室2厅,456.0,闵行,精装,135.79,1995.0
南,有电梯,低楼层(共30层),耀江花园,46,2室2厅,1300.0,黄浦,精装,111.39,1995.0
南,无电梯,低楼层(共6层),打浦路210弄,47,2室1厅,385.0,黄浦,精装,45.17,1995.0
南,有电梯,中楼层(共26层),仁恒河滨城(三期),48,3室2厅,1370.0,浦东,其他,136.31,1995.0
南北,无电梯,低楼层(共6层),广洋苑,49,3室2厅,670.0,浦东,简装,85.74,1995.0
南,有电梯,中楼层(共29层),翠湖天地嘉苑,50,2室2厅,1870.0,黄浦,精装,134.89,1995.0
南,有电梯,中楼层(共23层),维多利亚(公寓),51,2室2厅,820.0,长宁,简装,139.69,1995.0
南,无电梯,高楼层(共6层),丽泽兰馨苑,52,1室1厅,116.0,浦东,毛坯,60.11,1995.0
南,无电梯,低楼层(共6层),武定路540弄,53,2室1厅,450.0,静安,简装,54,1995.0
西,有电梯,高楼层(共24层),银欣花苑(虹口),54,2室2厅,600.0,虹口,精装,117.41,1995.0
南,有电梯,低楼层(共11层),水语人家南苑,55,1室1厅,175.0,闵行,精装,56.45,1995.0
南北,无电梯,中楼层(共6层),水岸金桥苑,56,2室1厅,305.0,嘉定,毛坯,73.58,1995.0
南北,有电梯,低楼层(共12层),香逸湾,57,3室2厅,350.0,宝山,精装,89.27,1995.0
南,有电梯,高楼层(共7层),张江汤臣豪园(二期),58,2室2厅,665.0,浦东,简装,76.87,1995.0
南,有电梯,高楼层(共14层),中城绿苑,59,2室2厅,540.0,闵行,简装,85.65,1995.0
南,无电梯,高楼层(共6层),金龙花苑牡丹园,60,2室1厅,460.0,徐汇,简装,69.59,1995.0
南,无电梯,高楼层(共6层),万科朗润园,61,2室2厅,533.0,闵行,精装,91.72,1995.0
东南,有电梯,中楼层(共20层),大华锦绣华城(十六街区)(公寓),62,2室1厅,475.0,浦东,简装,70.57,1995.0
南北,无电梯,高楼层(共6层),锦绣苑,63,3室2厅,820.0,浦东,精装,130.21,1995.0
南,无电梯,中楼层(共5层),万科白马花园(公寓),64,3室2厅,312.0,松江,精装,88.29,1995.0
南北,无电梯,低楼层(共6层),金坤花园,65,3室2厅,650.0,闵行,精装,134.92,1995.0
南,有电梯,低楼层(共39层),静安豪景苑,66,2室2厅,1263.0,静安,精装,115.82,1995.0
南,无电梯,低楼层(共6层),东陆新村五街坊,67,2室1厅,415.0,浦东,毛坯,71,1995.0
南北,有电梯,中楼层(共11层),博学家园,68,2室1厅,465.0,浦东,毛坯,78.51,1995.0
东南,有电梯,中楼层(共35层),国信世纪海景,69,3室2厅,2206.0,浦东,精装,235.69,1995.0
南,无电梯,高楼层(共6层),鹏海小区,70,2室1厅,335.0,浦东,精装,72.66,1995.0
南,无电梯,高楼层(共6层),茂盛城市花园,71,2室1厅,490.0,闵行,简装,70.48,1995.0
南,有电梯,高楼层(共33层),汇翠花园,72,2室2厅,760.0,徐汇,毛坯,87.37,1995.0
南,无电梯,高楼层(共6层),广洋苑,73,2室2厅,700.0,浦东,精装,99.14,1995.0
南,有电梯,高楼层(共24层),新宏安大厦,74,2室2厅,830.0,静安,简装,107.97,1995.0
南,有电梯,高楼层(共21层),银杏家园,75,1室2厅,718.0,黄浦,简装,102.82,1995.0
南北,无电梯,中楼层(共6层),王家堂小区,76,2室1厅,396.0,徐汇,精装,44.2,1995.0
东南,有电梯,中楼层(共18层),真北二街坊,77,2室1厅,349.0,普陀,毛坯,73.52,1995.0
223.79平米,,3层2005年建板楼),万科蓝山,78,联排别墅,1180.0,浦东,南,3室2厅,
南北,有电梯,中楼层(共18层),好世皇马苑,79,3室2厅,565.0,嘉定,其他,140.08,1995.0
南,有电梯,高楼层(共17层),长桥一村,80,2室1厅,408.0,徐汇,简装,59.43,1995.0
南,有电梯,低楼层(共17层),中海馨园,81,3室2厅,1130.0,徐汇,简装,144.97,1995.0
南,无电梯,低楼层(共6层),广海花园,82,2室1厅,355.0,闵行,精装,67.17,1995.0
西北,有电梯,中楼层(共55层),世茂滨江花园,83,3室2厅,1770.0,浦东,精装,236.95,1995.0
南北,有电梯,低楼层(共16层),绿地海域笙晖(公寓),84,3室2厅,345.0,宝山,简装,94,1995.0
南,有电梯,低楼层(共14层),中环一号(一期),85,2室2厅,462.0,宝山,毛坯,97.39,1995.0
南,有电梯,低楼层(共19层),金桥爱建园,86,3室3厅,1250.0,浦东,精装,171.86,1995.0
南北,有电梯,高楼层(共8层),尚东国际名园,87,3室2厅,1230.0,浦东,毛坯,143.83,1995.0
南,有电梯,低楼层(共11层),上海绿城,88,4室2厅,1260.0,浦东,精装,147.31,1995.0
南,无电梯,中楼层(共5层),谨斜小区,89,1室1厅,220.0,徐汇,精装,34.62,1995.0
南,有电梯,高楼层(共20层),国际丽都城,90,5室3厅,4680.0,静安,精装,330.29,1995.0
南北,无电梯,中楼层(共4层),万科优诗美地,91,3室2厅,620.0,闵行,简装,120.37,1995.0
南,有电梯,高楼层(共26层),德安大厦,92,2室1厅,730.0,静安,简装,99.25,1995.0
南,有电梯,低楼层(共26层),仁恒河滨城(一期),93,3室2厅,1250.0,浦东,精装,131.08,1995.0
南,有电梯,低楼层(共31层),白金湾府邸,94,3室2厅,2600.0,虹口,精装,278.28,1995.0
南,有电梯,中楼层(共14层),金地湾流域(公寓),95,4室2厅,1300.0,浦东,精装,178.21,1995.0
南,无电梯,低楼层(共6层),恒大华城东林苑,96,3室1厅,465.0,浦东,简装,79.36,1995.0
南,无电梯,中楼层(共6层),河滨城市花园,97,2室2厅,380.0,浦东,精装,86,1995.0
南北,有电梯,低楼层(共23层),凯旋华庭,98,2室2厅,740.0,普陀,精装,111.96,1995.0
南,无电梯,中楼层(共5层),万科假日风景(公寓),99,2室1厅,598.0,闵行,精装,92.01,1995.0
南,无电梯,高楼层(共6层),远景佳苑一期,100,2室2厅,432.0,宝山,简装,96.64,1995.0
南北,有电梯,高楼层(共14层),新梅共和城,101,3室2厅,905.0,闸北,毛坯,125.55,1995.0
南北,有电梯,中楼层(共8层),绿地香颂(奉贤)(公寓),102,1室1厅,115.0,奉贤,简装,62.16,1995.0
南北,有电梯,中楼层(共14层),荣域飘鹰锦和花园(公寓),103,2室2厅,385.0,宝山,精装,86.88,1995.0
南西,有电梯,低楼层(共16层),凯德嘉博名邸,104,2室1厅,700.0,浦东,精装,89.93,1995.0
南,有电梯,中楼层(共25层),黄浦新苑(公寓),105,3室2厅,1398.0,黄浦,精装,158.11,1995.0
南,有电梯,低楼层(共21层),华润中央公园(陈翔公路1588弄),106,2室2厅,443.0,嘉定,精装,83.58,1995.0
暂无数据,有电梯,中楼层(共14层),象屿名城,107,2室2厅,385.0,松江,其他,91.22,1995.0
南,无电梯,中楼层(共6层),高兴花园,108,2室1厅,340.0,闵行,简装,70,1995.0
南北,无电梯,中楼层(共5层),万科金色雅筑,109,3室2厅,640.0,浦东,其他,89,1995.0
南,无电梯,低楼层(共6层),成亿宝盛家苑,110,2室2厅,260.0,宝山,简装,73.81,1995.0
南,无电梯,中楼层(共6层),呼玛五村,111,3室1厅,290.0,宝山,毛坯,75.29,1995.0
南,无电梯,低楼层(共6层),皇都花园(公寓),112,3室2厅,1150.0,闵行,精装,176.37,1995.0
南北,有电梯,中楼层(共11层),莲浦府邸(公寓),113,2室2厅,790.0,闵行,精装,116.21,1995.0
南,有电梯,中楼层(共25层),华润外滩九里,114,3室2厅,2450.0,黄浦,精装,187.98,1995.0
南,有电梯,中楼层(共31层),联洋花园(二期),115,3室2厅,1280.0,浦东,精装,149.22,1995.0
暂无数据,有电梯,低楼层(共20层),瑞嘉苑,116,2室2厅,740.0,虹口,其他,90.43,1995.0
南,无电梯,高楼层(共6层),密三小区,117,1室1厅,230.0,虹口,毛坯,39.53,1995.0
南,有电梯,高楼层(共32层),汇龙新城,118,3室2厅,1370.0,黄浦,精装,134.35,1995.0
南,有电梯,中楼层(共7层),浦润苑,119,2室2厅,300.0,闵行,其他,88.32,1995.0
南北,有电梯,低楼层(共13层),金谊河畔,120,2室2厅,550.0,浦东,其他,101.57,1995.0
南北,有电梯,低楼层(共11层),中信和平家园,121,2室2厅,790.0,虹口,精装,90.69,1995.0
西南,有电梯,中楼层(共35层),江临天下,122,3室2厅,1199.0,浦东,精装,135.37,1995.0
东南南,有电梯,低楼层(共34层),虹祺花苑(公寓),123,3室2厅,800.0,虹口,精装,145.37,1995.0
南,无电梯,高楼层(共6层),思浦小区,124,1室1厅,240.0,浦东,简装,49.92,1995.0
南,有电梯,低楼层(共11层),静安新城七区,125,3室2厅,698.0,闵行,简装,103.97,1995.0
南,有电梯,低楼层(共8层),红墅1858(公寓),126,3室2厅,330.0,松江,简装,89.6,1995.0
南,无电梯,低楼层(共6层),光华园,127,3室1厅,680.0,徐汇,毛坯,81.28,1995.0
东南,有电梯,低楼层(共39层),瑞虹新城(一期),128,4室2厅,1050.0,虹口,简装,177.1,1995.0
南西,有电梯,高楼层(共11层),愉景华庭,129,3室2厅,900.0,普陀,精装,148.26,1995.0
南,有电梯,低楼层(共11层),畅馨园,130,3室2厅,500.0,闵行,毛坯,131.71,1995.0
南,有电梯,中楼层(共32层),菊园,131,3室2厅,1050.0,浦东,精装,120.08,1995.0
南,有电梯,中楼层(共7层),天馨花园(公寓),132,3室1厅,410.0,宝山,简装,130.24,1995.0
南,有电梯,低楼层(共17层),保利御樽苑(公寓),133,3室2厅,650.0,浦东,其他,133.97,1995.0
南,无电梯,低楼层(共6层),枫庭丽苑,134,2室2厅,520.0,宝山,精装,96.16,1995.0
南北,无电梯,高楼层(共6层),天池一村,135,2室1厅,290.0,浦东,简装,54.05,1995.0
南,无电梯,高楼层(共6层),逸仙二村,136,2室1厅,260.0,宝山,简装,62.27,1995.0
南,无电梯,高楼层(共6层),长虹公寓,137,2室1厅,340.0,长宁,简装,64.09,1995.0
南,无电梯,中楼层(共6层),天环苑,138,2室2厅,220.0,浦东,毛坯,77.41,1995.0
南,无电梯,中楼层(共5层),思浦小区,139,2室0厅,245.0,浦东,简装,48.65,1995.0
南北,有电梯,低楼层(共33层),金地艺境(宝山),140,2室1厅,255.0,宝山,精装,71.99,1995.0
南北,,高楼层(共18层),棕榈滩海景城,141,2室2厅,160.0,奉贤,毛坯,90.35,1995.0
东南,有电梯,高楼层(共14层),幸福小镇,142,2室1厅,370.0,浦东,简装,77.42,1995.0
南,无电梯,低楼层(共6层),四季绿城,143,3室2厅,565.0,宝山,精装,106.65,1995.0
南北,有电梯,高楼层(共7层),浦江华侨城6期,144,3室2厅,670.0,闵行,精装,106.3,1995.0
南,有电梯,低楼层(共33层),永新城,145,3室2厅,1470.0,徐汇,精装,126.27,1995.0
南北,有电梯,中楼层(共26层),耀江花园,146,3室2厅,1620.0,黄浦,精装,136.89,1995.0
南,有电梯,低楼层(共7层),缘圆宝邸,147,2室2厅,324.0,嘉定,精装,73.01,1995.0
南,无电梯,高楼层(共6层),宝仪花苑,148,2室1厅,460.0,闵行,精装,72,1995.0
南,无电梯,中楼层(共6层),金利公寓,149,2室2厅,350.0,浦东,精装,87.88,1995.0
南,无电梯,低楼层(共6层),罗山六村,150,3室1厅,460.0,浦东,简装,94.34,1995.0
暂无数据,有电梯,中楼层(共21层),名都古北,151,4室2厅,1660.0,闵行,精装,229,1995.0
南,有电梯,中楼层(共17层),浦东星河湾,152,4室3厅,2700.0,浦东,精装,301.31,1995.0
南,有电梯,中楼层(共12层),静安新城七区,153,3室2厅,978.0,闵行,精装,137,1995.0
西南,有电梯,中楼层(共35层),江临天下,154,3室2厅,1350.0,浦东,其他,148.55,1995.0
南北,有电梯,高楼层(共17层),中环家园,155,3室2厅,818.0,普陀,精装,131.82,1995.0
南北,无电梯,低楼层(共6层),金帝城市岸泊(公寓),156,3室2厅,395.0,嘉定,精装,114.37,1995.0
东南,,高楼层(共30层),新时空国际商务广场,157,1室1厅,195.0,长宁,精装,40.61,1995.0
南北,无电梯,高楼层(共6层),西凌新邨,158,2室1厅,400.0,黄浦,简装,56.56,1995.0
南,无电梯,高楼层(共7层),三门路358弄,159,2室1厅,285.0,杨浦,毛坯,60.68,1995.0
南,有电梯,低楼层(共11层),鼎鑫名流世家,160,2室2厅,390.0,浦东,精装,92.72,1995.0
东,无电梯,高楼层(共6层),威宁小区,161,2室1厅,338.0,长宁,精装,55.16,1995.0
南,无电梯,高楼层(共6层),育秀三区,162,2室1厅,147.8,奉贤,其他,67.98,1995.0
南,有电梯,高楼层(共32层),徐汇苑,163,2室2厅,1030.0,徐汇,简装,129.52,1995.0
南,无电梯,高楼层(共6层),共富四村,164,2室1厅,289.0,宝山,简装,78.71,1995.0
南,无电梯,高楼层(共6层),仲信苑,165,2室1厅,550.0,长宁,其他,64.25,1995.0
南,有电梯,低楼层(共11层),水清年华花园,166,1室1厅,320.0,闵行,精装,58.62,1995.0
南,有电梯,高楼层(共18层),华丽家族花园,167,3室2厅,1450.0,浦东,精装,155.25,1995.0
南,有电梯,中楼层(共7层),涵合园(公寓),168,3室2厅,1345.0,浦东,精装,174.8,1995.0
南,有电梯,中楼层(共8层),秋水云庐,169,3室2厅,1200.0,普陀,简装,145.89,1995.0
南,有电梯,低楼层(共26层),耀江花园,170,3室2厅,1580.0,黄浦,精装,136.25,1995.0
南北,有电梯,中楼层(共17层),万达城市公寓,171,2室2厅,470.0,嘉定,精装,87.07,1995.0
南北,有电梯,高楼层(共35层),大同花园南区,172,3室2厅,1230.0,黄浦,简装,153.74,1995.0
西南,,低楼层(共31层),尚海湾豪庭,173,3室2厅,1299.0,徐汇,精装,144.87,1995.0
南西南,有电梯,低楼层(共35层),江临天下,174,4室2厅,1500.0,浦东,精装,165.73,1995.0
南北,有电梯,高楼层(共14层),祥源福邸,175,2室2厅,355.0,嘉定,精装,86.18,1995.0
南北,有电梯,高楼层(共9层),玉华东苑,176,3室2厅,600.0,宝山,精装,118.95,1995.0
南,有电梯,中楼层(共26层),仁恒河滨城(三期),177,2室2厅,1170.0,浦东,精装,112.69,1995.0
南北,有电梯,中楼层(共20层),大宁金茂府,178,3室2厅,1580.0,闸北,精装,159.86,1995.0
南,有电梯,低楼层(共15层),当代清水园,179,3室2厅,1288.9,浦东,精装,135.56,1995.0
南,有电梯,低楼层(共16层),大华锦绣华城(十八街区)(公寓),180,2室2厅,646.0,浦东,简装,82.88,1995.0
南,无电梯,高楼层(共6层),华高二村,181,1室1厅,230.0,浦东,简装,54.05,1995.0
南,有电梯,高楼层(共35层),国信世纪海景,182,3室2厅,2350.0,浦东,精装,235.69,1995.0
暂无数据,无电梯,高楼层(共6层),通海一小区,183,2室1厅,210.0,闵行,简装,70.53,1995.0
南北,有电梯,高楼层(共18层),龙湖郦城,184,3室2厅,442.0,嘉定,其他,104.69,1995.0
南,有电梯,高楼层(共18层),古北御庭,185,2室2厅,1010.0,浦东,精装,104.93,1995.0
南,无电梯,低楼层(共6层),竹园小区(嘉定),186,2室1厅,228.0,嘉定,精装,75.96,1995.0
南北,有电梯,低楼层(共22层),好世皇马苑,187,2室2厅,335.0,嘉定,精装,83.55,1995.0
南,有电梯,低楼层(共43层),盛大金磐,188,3室2厅,2300.0,浦东,精装,194.28,1995.0
南,有电梯,高楼层(共16层),佳信都市花园(公寓),189,7室2厅,1880.0,长宁,简装,261.11,1995.0
东南,有电梯,中楼层(共21层),延平大厦,190,2室2厅,860.0,静安,精装,116.27,1995.0
南,,高楼层(共7层),静安恬园,191,3室2厅,849.0,静安,精装,137.25,1995.0
南,有电梯,中楼层(共16层),环球翡翠湾花园(公寓),192,2室2厅,550.0,浦东,精装,94.46,1995.0
南,有电梯,中楼层(共12层),经纬阳光水岸家园(一期),193,1室2厅,305.0,宝山,精装,60.14,1995.0
南,有电梯,低楼层(共33层),中凯城市之光(徐汇),194,4室2厅,4500.0,徐汇,精装,403.91,1995.0
南,有电梯,低楼层(共25层),临沂大楼,195,2室2厅,510.0,浦东,其他,88.27,1995.0
南,无电梯,低楼层(共6层),申江豪城,196,2室2厅,570.0,浦东,简装,91.22,1995.0
南,有电梯,低楼层(共11层),大华清水湾,197,4室2厅,1400.0,普陀,简装,193.73,1995.0
南北,有电梯,高楼层(共13层),印象春城,198,2室2厅,405.0,浦东,简装,89.95,1995.0
南,无电梯,高楼层(共6层),沁秋小区,199,2室1厅,275.0,长宁,精装,50.54,1995.0
南,有电梯,低楼层(共20层),江临天下,200,3室2厅,1150.0,浦东,精装,129.75,1995.0
西北,无电梯,低楼层(共6层),香楠小区,201,2室1厅,355.0,浦东,精装,71.76,1995.0
南,有电梯,低楼层(共23层),虹桥衡园,202,3室2厅,950.0,闵行,精装,147.15,1995.0
南,有电梯,高楼层(共33层),城市方园,203,2室1厅,330.0,杨浦,精装,69.81,1995.0
南,有电梯,低楼层(共16层),金桥瑞仕花园,204,3室3厅,1600.0,浦东,精装,292.31,1995.0
南,有电梯,低楼层(共30层),尚海湾豪庭,205,5室2厅,2750.0,徐汇,精装,267.79,1995.0
南,有电梯,中楼层(共18层),永兆豪庭,206,3室2厅,850.0,徐汇,毛坯,128.36,1995.0
南,无电梯,高楼层(共6层),紫叶花园,207,1室1厅,240.0,浦东,简装,48.3,1995.0
南,有电梯,高楼层(共24层),东上海中心,208,2室1厅,620.0,杨浦,精装,85.97,1995.0
南,无电梯,高楼层(共6层),沁秋小区,209,2室1厅,330.0,长宁,精装,58.9,1995.0
南,无电梯,高楼层(共6层),汪家井小区,210,1室1厅,212.0,普陀,精装,45.57,1995.0
南,有电梯,低楼层(共29层),馨宁公寓,211,1室0厅,240.0,徐汇,其他,42.29,1995.0
南,无电梯,中楼层(共4层),永嘉新村,212,2室1厅,1090.0,徐汇,精装,89.3,1995.0
南,有电梯,低楼层(共20层),中海御景熙岸(公寓),213,3室2厅,393.0,浦东,精装,88.82,1995.0
南,无电梯,高楼层(共6层),紫荆新苑,214,3室2厅,840.0,黄浦,简装,119.04,1995.0
南北,有电梯,高楼层(共24层),四和花园,215,3室1厅,808.0,静安,精装,94.63,1995.0
南,无电梯,中楼层(共5层),同润加州(公寓),216,3室2厅,415.0,松江,毛坯,136.84,1995.0
南,无电梯,低楼层(共4层),祝和苑,217,1室1厅,150.0,浦东,其他,53,1995.0
南,,高楼层(共29层),荣和怡景园,218,2室1厅,340.0,普陀,精装,65,1995.0
南北,无电梯,高楼层(共6层),四平路幸福村,219,2室1厅,325.0,虹口,精装,55.52,1995.0
南,,高楼层(共18层),同润蓝美俊庭,220,2室2厅,185.0,浦东,毛坯,92.46,1995.0
南,有电梯,中楼层(共11层),中鼎豪园,221,3室2厅,715.0,普陀,毛坯,138.32,1995.0
南,有电梯,中楼层(共21层),香梅花园,222,3室2厅,1300.0,浦东,精装,159.01,1995.0
南西北,有电梯,中楼层(共17层),保利叶语(二期)(公寓),223,4室2厅,620.0,宝山,毛坯,123.42,1995.0
南,有电梯,高楼层(共14层),浦润苑,224,2室2厅,256.0,闵行,毛坯,82.94,1995.0
南,,高楼层(共6层),佳乐苑,225,3室2厅,309.0,青浦,毛坯,124.34,1995.0
南,无电梯,中楼层(共6层),樱花坊,226,2室2厅,625.0,浦东,简装,77.49,1995.0
南北,无电梯,中楼层(共7层),泰宸苑,227,2室2厅,470.0,普陀,精装,86,1995.0
南,有电梯,高楼层(共22层),爱家亚洲花园,228,2室2厅,750.0,浦东,简装,118.88,1995.0
南北,无电梯,高楼层(共6层),杉林新月环林东路879弄,229,3室1厅,345.0,浦东,简装,74.44,1995.0
南,,高楼层(共26层),翔和雅苑,230,2室2厅,250.0,嘉定,毛坯,70.46,1995.0
南北,有电梯,中楼层(共11层),新浦江城(江栀路350弄),231,2室2厅,530.0,闵行,毛坯,89.69,1995.0
南北,有电梯,中楼层(共28层),金瓯万国大厦,232,3室2厅,1050.0,黄浦,精装,126.32,1995.0
南,有电梯,高楼层(共19层),米兰诺贵都,233,2室2厅,310.0,松江,精装,87.53,1995.0
南,,高楼层(共18层),翔和雅苑,234,2室1厅,255.0,嘉定,毛坯,69.6,1995.0
南,有电梯,中楼层(共14层),浦润苑,235,2室2厅,261.0,闵行,毛坯,80.22,1995.0
南北,有电梯,低楼层(共11层),永泰花苑,236,2室1厅,348.0,浦东,简装,73.16,1995.0
南,,高楼层(共8层),保集澜湾(公寓),237,3室2厅,645.0,浦东,毛坯,123.33,1995.0
南,有电梯,低楼层(共20层),绿地清猗园(威廉公馆),238,2室2厅,410.0,嘉定,毛坯,86.99,1995.0
南,无电梯,低楼层(共6层),景峰苑,239,2室1厅,310.0,上海周边,简装,61.59,1995.0
南,有电梯,低楼层(共18层),嘉秀新苑,240,2室2厅,420.0,嘉定,简装,85.89,1995.0
南,无电梯,高楼层(共6层),昕泰苑,241,3室2厅,710.0,浦东,其他,135.48,1995.0
南,有电梯,中楼层(共13层),保利金爵公寓,242,3室1厅,440.0,浦东,其他,83.36,1995.0
南,有电梯,低楼层(共18层),大华锦绣华城(四街区),243,2室2厅,550.0,浦东,毛坯,94.37,1995.0
南北,有电梯,中楼层(共11层),城中花园,244,3室2厅,520.0,浦东,精装,122.2,1995.0
东南,有电梯,中楼层(共33层),新湖明珠城,245,3室2厅,1330.0,普陀,毛坯,179.91,1995.0
南北,有电梯,高楼层(共19层),达安花园,246,3室2厅,898.0,静安,精装,121.11,1995.0
南,有电梯,中楼层(共24层),鑫隆花园,247,2室1厅,415.0,徐汇,其他,89.87,1995.0
南,无电梯,高楼层(共6层),证大家园(二期),248,2室2厅,589.0,浦东,精装,84.52,1995.0
东南,有电梯,低楼层(共26层),阳光威尼斯(三期),249,2室1厅,315.0,普陀,简装,77.95,1995.0
南,有电梯,低楼层(共14层),经纬学府涵青花园(二期),250,2室2厅,416.0,宝山,精装,95.28,1995.0
南,有电梯,中楼层(共18层),莱顿小城,251,2室2厅,280.0,松江,精装,85.78,1995.0
西,有电梯,高楼层(共49层),世茂滨江花园,252,3室2厅,2190.0,浦东,精装,237.93,1995.0
南,有电梯,低楼层(共14层),上海绿城,253,3室2厅,1000.0,浦东,精装,125.61,1995.0
南北,无电梯,高楼层(共6层),成亿家园,254,2室2厅,608.0,闵行,简装,107.13,1995.0
东南,有电梯,中楼层(共34层),佳安公寓,255,3室2厅,988.0,徐汇,精装,167.37,1995.0
南,无电梯,高楼层(共6层),三林安居苑,256,2室1厅,320.0,浦东,精装,64,1995.0
南,有电梯,中楼层(共29层),天际花园,257,3室2厅,1500.0,徐汇,精装,152.44,1995.0
南,有电梯,高楼层(共18层),黄浦丽园,258,2室2厅,1090.0,黄浦,精装,104,1995.0
南北,无电梯,中楼层(共6层),杉林新月环林东路879弄,259,2室1厅,388.0,浦东,其他,73.49,1995.0
南西北,,中楼层(共7层),静安恬园,260,3室2厅,870.0,静安,精装,146.13,1995.0
西南,有电梯,低楼层(共38层),融创滨江壹号院,261,3室2厅,2300.0,黄浦,精装,217.91,1995.0
南,,低楼层(共23层),大名城名郡,262,3室2厅,285.0,嘉定,精装,88,1995.0
南北,无电梯,高楼层(共6层),川杨新苑(三期),263,2室2厅,350.0,浦东,简装,87.37,1995.0
东北,有电梯,低楼层(共22层),世纪之门,264,2室2厅,605.0,普陀,简装,91.62,1995.0
西南,有电梯,高楼层(共4层),金桥酒店公寓,265,1室1厅,400.0,浦东,精装,63.79,1995.0
南北,有电梯,低楼层(共17层),福源汇居,266,2室2厅,1100.0,徐汇,精装,120.93,1995.0
东南,有电梯,低楼层(共35层),江临天下,267,4室2厅,1648.0,浦东,精装,197.07,1995.0
南,有电梯,高楼层(共16层),奥林匹克花园,268,2室2厅,335.0,松江,精装,81.7,1995.0
南,有电梯,中楼层(共28层),襄阳公寓,269,2室2厅,1260.0,徐汇,精装,111.89,1995.0
南,无电梯,高楼层(共6层),万科假日风景(公寓),270,2室2厅,560.0,闵行,简装,91.8,1995.0
暂无数据,无电梯,低楼层(共6层),紫叶花园东园,271,2室1厅,355.0,浦东,简装,68.65,1995.0
南,无电梯,中楼层(共6层),十字街大楼,272,3室2厅,220.0,浦东,毛坯,94.81,1995.0
北,,低楼层(共30层),华丽家族汇景天地(商业类),273,1室1厅,300.0,黄浦,精装,68.09,1995.0
南,无电梯,低楼层(共6层),水霞小区,274,2室1厅,372.0,长宁,简装,49,1995.0
东南,有电梯,中楼层(共25层),仁恒河滨花园,275,4室2厅,1470.0,长宁,精装,163.1,1995.0
南,无电梯,高楼层(共6层),南方新村,276,1室1厅,240.0,闵行,简装,47.43,1995.0
南,有电梯,低楼层(共32层),香港丽园,277,3室2厅,785.0,虹口,精装,112.65,1995.0
南,有电梯,低楼层(共14层),碧林湾(公寓),278,3室2厅,710.0,闵行,精装,129,1995.0
南,有电梯,低楼层(共29层),馨宁公寓,279,2室1厅,335.0,徐汇,其他,62.4,1995.0
南,有电梯,低楼层(共18层),大华锦绣华城(十五街区),280,3室2厅,830.0,浦东,精装,101,1995.0
西南,有电梯,低楼层(共23层),中远两湾城,281,3室2厅,810.0,普陀,精装,118.7,1995.0
南,有电梯,低楼层(共14层),新凯城香樟苑,282,3室1厅,241.0,松江,简装,80.5,1995.0
南,有电梯,中楼层(共28层),武宁小城,283,2室1厅,575.0,普陀,精装,92.03,1995.0
南,无电梯,高楼层(共6层),花苑茶花园,284,2室1厅,368.0,徐汇,简装,59.16,1995.0
南,无电梯,高楼层(共6层),南方新村,285,3室1厅,415.0,闵行,简装,89.19,1995.0
南,无电梯,高楼层(共6层),东方花园(一期),286,2室2厅,438.0,闵行,精装,82.81,1995.0
南,有电梯,低楼层(共11层),御上海,287,2室2厅,380.0,松江,毛坯,92.23,1995.0
东南,无电梯,高楼层(共6层),景江苑A区,288,2室2厅,315.0,闵行,毛坯,90.45,1995.0
南,有电梯,低楼层(共31层),圣骊河滨苑,289,2室1厅,720.0,杨浦,精装,85.84,1995.0
南,有电梯,低楼层(共21层),香梅花园(三-五期),290,2室2厅,1100.0,浦东,精装,131.5,1995.0
南,有电梯,高楼层(共30层),太阳都市花园,291,3室2厅,1800.0,黄浦,精装,171.03,1995.0
南,有电梯,低楼层(共18层),印象春城,292,3室2厅,610.0,浦东,精装,136.17,1995.0
南,无电梯,中楼层(共6层),蒙自路601弄,293,2室2厅,590.0,黄浦,精装,78.57,1995.0
南,有电梯,低楼层(共11层),浦江世博家园八街坊,294,3室2厅,414.0,闵行,精装,99.07,1995.0
南,无电梯,低楼层(共5层),涵合园(公寓),295,3室2厅,1250.0,浦东,精装,179.14,1995.0
南北,有电梯,低楼层(共14层),象屿都城,296,3室2厅,390.0,松江,其他,108,1995.0
南北,有电梯,中楼层(共31层),东方城市花园(二期),297,2室2厅,830.0,浦东,精装,121.34,1995.0
东南,有电梯,低楼层(共18层),上海绿城,298,2室2厅,890.0,浦东,精装,108.26,1995.0
西南,有电梯,低楼层(共33层),海华花园,299,3室2厅,890.0,黄浦,其他,117.37,1995.0
东南,有电梯,高楼层(共39层),瑞虹新城(一期),300,3室2厅,965.0,虹口,精装,127.73,1995.0
南,有电梯,高楼层(共32层),徐汇苑,301,2室2厅,980.0,徐汇,精装,112.79,1995.0
南,有电梯,高楼层(共30层),财富海景花园,302,3室2厅,2200.0,浦东,精装,200.18,1995.0
南,有电梯,中楼层(共22层),天科苑,303,3室2厅,1050.0,浦东,精装,151.12,1995.0
南,无电梯,中楼层(共6层),万科金色公馆,304,4室2厅,1260.0,浦东,其他,123.98,1995.0
暂无数据,有电梯,高楼层(共26层),兴林公寓,305,2室2厅,920.0,黄浦,简装,110.37,1995.0
南,无电梯,中楼层(共6层),万科假日风景(公寓),306,3室2厅,790.0,闵行,简装,134,1995.0
南,无电梯,低楼层(共6层),清涧八街坊,307,2室1厅,275.0,普陀,精装,62.74,1995.0
南,有电梯,中楼层(共10层),金汇华光城,308,3室2厅,818.0,闵行,精装,152.84,1995.0
东南,有电梯,低楼层(共35层),江临天下,309,3室2厅,1190.0,浦东,精装,136.85,1995.0
南,无电梯,高楼层(共6层),大华一村,310,3室1厅,450.0,宝山,简装,96.14,1995.0
暂无数据,,低楼层(共18层),阳光城丽景湾PLUS,311,2室2厅,430.0,浦东,毛坯,88,1995.0
南,有电梯,高楼层(共18层),海逸公寓,312,5室3厅,1300.0,长宁,精装,223.68,1995.0
南,有电梯,低楼层(共15层),心仪雅苑,313,3室2厅,815.0,杨浦,其他,116.74,1995.0
南,有电梯,低楼层(共12层),逸皓华庭(公寓),314,2室2厅,250.0,青浦,精装,90.53,1995.0
南北,无电梯,高楼层(共6层),平吉一村,315,2室1厅,365.0,闵行,精装,80.63,1995.0
南,有电梯,低楼层(共18层),新天家园,316,3室2厅,1095.0,浦东,精装,129.12,1995.0
南北,有电梯,中楼层(共14层),万邦都市花园,317,3室2厅,950.0,浦东,精装,126.63,1995.0
南,有电梯,高楼层(共27层),南文大厦,318,4室2厅,1650.0,黄浦,精装,223.57,1995.0
南,有电梯,低楼层(共11层),大唐盛世花园,319,6室2厅,1580.0,浦东,精装,215.14,1995.0
南,有电梯,中楼层(共14层),达城锦园,320,1室1厅,196.0,浦东,简装,54.57,1995.0
南,有电梯,高楼层(共13层),经纬学府涵青花园(二期),321,3室2厅,590.0,宝山,精装,122,1995.0
南北,有电梯,中楼层(共9层),中祥龙柏苑,322,3室2厅,1080.0,闵行,精装,140.1,1995.0
南,有电梯,低楼层(共20层),复地雅园,323,4室2厅,1730.0,黄浦,精装,173.41,1995.0
南,有电梯,中楼层(共28层),汇豪天下,324,3室2厅,1260.0,浦东,精装,130.9,1995.0
南北,无电梯,中楼层(共6层),四季绿城,325,2室2厅,468.0,宝山,精装,89.5,1995.0
南,无电梯,高楼层(共6层),天池一村,326,2室1厅,280.0,浦东,精装,52.07,1995.0
南,无电梯,中楼层(共6层),万科阳光苑,327,1室2厅,273.0,闵行,精装,65.07,1995.0
南,无电梯,中楼层(共6层),清河路397号,328,2室1厅,140.0,嘉定,精装,51.2,1995.0
南,有电梯,中楼层(共31层),世茂湖滨花园(公寓),329,3室2厅,1550.0,浦东,精装,213.93,1995.0
南北,有电梯,低楼层(共11层),陆家嘴花园(二期),330,2室2厅,1080.0,浦东,精装,102.95,1995.0
南,无电梯,中楼层(共6层),北郊小区,331,2室1厅,388.0,虹口,简装,61.03,1995.0
南,无电梯,低楼层(共6层),光华园,332,2室2厅,680.0,徐汇,简装,86.71,1995.0
南,无电梯,低楼层(共6层),富丽公寓(西区),333,3室2厅,510.0,闵行,简装,108.18,1995.0
南,有电梯,中楼层(共14层),菊泉新城(菊泉街39弄),334,3室2厅,389.0,宝山,毛坯,102.98,1995.0
南北,无电梯,低楼层(共6层),浦江丽都,335,2室2厅,209.0,闵行,毛坯,71.82,1995.0
南,有电梯,中楼层(共27层),陆家嘴花园(一期),336,3室2厅,1399.0,浦东,精装,146.56,1995.0
南,无电梯,高楼层(共6层),嘉骏香山苑,337,2室2厅,380.0,宝山,简装,81.95,1995.0
南,有电梯,高楼层(共13层),金桥爱建园,338,4室2厅,1250.0,浦东,精装,154.43,1995.0
南,无电梯,高楼层(共6层),浦建小区,339,1室1厅,240.0,浦东,精装,46.77,1995.0
南北,有电梯,低楼层(共14层),汇丰沁苑,340,3室2厅,500.0,嘉定,毛坯,135.1,1995.0
南,无电梯,高楼层(共6层),恒大华城上河苑,341,2室1厅,498.0,浦东,其他,75.65,1995.0
南,有电梯,高楼层(共20层),强生古北花园,342,3室2厅,1669.0,长宁,精装,158.86,1995.0
南北,无电梯,低楼层(共6层),德州六村,343,2室1厅,250.0,浦东,其他,54.6,1995.0
南,有电梯,中楼层(共17层),古北嘉年华庭,344,3室2厅,1480.0,长宁,简装,150.83,1995.0
南北,无电梯,中楼层(共6层),曹家巷小区,345,2室1厅,440.0,普陀,简装,52.92,1995.0
南,有电梯,低楼层(共34层),创世纪花园,346,3室2厅,1038.0,徐汇,简装,137.17,1995.0
南,无电梯,中楼层(共6层),桃园新村(嘉定),347,1室1厅,118.0,嘉定,简装,42.8,1995.0
南,无电梯,中楼层(共8层),蓝色港湾(公寓),348,3室2厅,660.0,闵行,精装,112.96,1995.0
南,无电梯,高楼层(共6层),莘松三村,349,2室1厅,359.0,闵行,精装,57.79,1995.0
南,有电梯,高楼层(共34层),明日星城,350,3室2厅,1060.0,黄浦,精装,124.53,1995.0
南,无电梯,低楼层(共5层),浦江世博家园十三街坊,351,2室2厅,350.0,闵行,简装,91.04,1995.0
南,无电梯,高楼层(共6层),南方公寓,352,3室2厅,688.0,闵行,精装,152.26,1995.0
南北,有电梯,低楼层(共12层),春申玫瑰苑,353,3室2厅,740.0,闵行,毛坯,126.16,1995.0
南北,有电梯,中楼层(共26层),翠湖天地隽荟,354,3室2厅,4500.0,黄浦,精装,297,1995.0
南,无电梯,中楼层(共6层),罗山花苑,355,2室2厅,680.0,浦东,精装,70,1995.0
南,有电梯,低楼层(共12层),新梅广场,356,2室2厅,530.0,闵行,精装,98.04,1995.0
南,无电梯,中楼层(共6层),金鸿苑,357,2室2厅,670.0,虹口,精装,99.75,1995.0
南,无电梯,低楼层(共6层),虹康花苑(三期),358,2室2厅,698.0,长宁,精装,100.09,1995.0
东南,有电梯,21层2003年建板楼),绿地世纪城(三期),359,3室2厅,1100.0,普陀,精装,134.22,
南,无电梯,低楼层(共6层),航华三村四街坊,360,2室1厅,318.0,闵行,简装,71.8,1995.0
南,有电梯,低楼层(共26层),尚汇豪庭二期,361,2室2厅,1050.0,徐汇,其他,98,1995.0
南,无电梯,低楼层(共6层),新明星花园,362,2室2厅,395.0,闵行,简装,77.05,1995.0
南,,高楼层(共18层),崧泽华城佳福雅苑,363,2室1厅,202.0,青浦,毛坯,75.03,1995.0
南,有电梯,中楼层(共23层),中远两湾城,364,2室2厅,720.0,普陀,简装,103.67,1995.0
南,有电梯,中楼层(共34层),老西门新苑,365,3室2厅,1400.0,黄浦,精装,143.26,1995.0
南北,无电梯,高楼层(共6层),呼玛一村,366,2室1厅,180.0,宝山,简装,43.23,1995.0
南,有电梯,中楼层(共17层),爱建园,367,3室2厅,1250.0,徐汇,简装,141.35,1995.0
南,有电梯,低楼层(共30层),天际花园,368,3室2厅,1450.0,徐汇,精装,149.05,1995.0
南,有电梯,中楼层(共18层),永兆豪庭,369,2室2厅,700.0,徐汇,毛坯,91.67,1995.0
南北,无电梯,中楼层(共5层),中南新村,370,2室1厅,508.0,徐汇,简装,50.86,1995.0
南,有电梯,中楼层(共11层),金桥爱建园,371,4室2厅,1150.0,浦东,简装,154.77,1995.0
南,有电梯,高楼层(共31层),慧芝湖花园,372,2室2厅,715.0,闸北,精装,79.38,1995.0
南,无电梯,高楼层(共6层),虹旭小区,373,3室1厅,375.0,长宁,简装,67.45,1995.0
南,有电梯,低楼层(共7层),海上国际花园(一期),374,4室2厅,1030.0,浦东,精装,139.63,1995.0
东南,有电梯,低楼层(共34层),中凯城市之光(静安),375,1室1厅,615.0,静安,精装,59.69,1995.0
南,有电梯,中楼层(共8层),银泰花园(公寓),376,3室2厅,980.0,浦东,精装,116.37,1995.0
南,无电梯,低楼层(共5层),红旗四街坊,377,2室1厅,162.0,闵行,精装,51.69,1995.0
暂无数据,有电梯,高楼层(共7层),欣佳宝邸,378,2室2厅,230.0,闵行,其他,76.58,1995.0
南,无电梯,中楼层(共5层),贝港二区,379,2室1厅,179.0,奉贤,简装,78.46,1995.0
南,有电梯,低楼层(共18层),新凯城钟秀苑,380,2室1厅,207.0,松江,毛坯,70.67,1995.0
南,无电梯,高楼层(共6层),武康路280弄(公房),381,2室1厅,420.0,徐汇,精装,40.86,1995.0
南,有电梯,低楼层(共28层),长城苑,382,1室2厅,418.0,闸北,简装,78.41,1995.0
南,有电梯,低楼层(共31层),仁恒河滨城(三期),383,3室2厅,1400.0,浦东,精装,154.03,1995.0
南,有电梯,中楼层(共11层),陆家嘴锦绣前城,384,4室2厅,1700.0,浦东,精装,188,1995.0
南北,有电梯,中楼层(共25层),白银时代(三期),385,3室2厅,485.0,嘉定,简装,122.82,1995.0
西,有电梯,低楼层(共27层),武宁小城,386,1室1厅,290.0,普陀,简装,46.74,1995.0
南,,低楼层(共10层),瑞和华苑南区,387,1室1厅,175.0,闵行,毛坯,61.26,1995.0
南,有电梯,高楼层(共14层),碧林湾(公寓),388,3室2厅,760.0,闵行,精装,97.23,1995.0
南,有电梯,高楼层(共17层),春申景城湖畔林语,389,2室2厅,727.0,闵行,毛坯,110.43,1995.0
南,有电梯,低楼层(共34层),中兴财富国际公寓,390,2室2厅,539.0,闸北,精装,79.64,1995.0
南,有电梯,低楼层(共15层),新凯城钟秀苑,391,2室1厅,210.0,松江,毛坯,70.8,1995.0
南北,有电梯,高楼层(共11层),兰花清苑,392,2室1厅,210.0,松江,毛坯,74.59,1995.0
南北,有电梯,高楼层(共14层),浦江宝邸北区,393,2室2厅,252.0,闵行,精装,79.89,1995.0
南,无电梯,中楼层(共6层),临丰小区,394,2室1厅,218.0,浦东,简装,65.14,1995.0
南,有电梯,低楼层(共14层),御桥花园,395,2室1厅,335.0,浦东,毛坯,70.61,1995.0
南,无电梯,中楼层(共5层),贝港一区,396,2室1厅,165.0,奉贤,其他,74.78,1995.0
南,有电梯,中楼层(共26层),仁恒河滨城(三期),397,3室2厅,1320.0,浦东,精装,137.01,1995.0
南北,,高楼层(共16层),天居玲珑湾(公寓),398,2室2厅,240.0,嘉定,毛坯,91.89,1995.0
南北,有电梯,高楼层(共17层),三花现代城(二期香梅苑),399,2室2厅,560.0,宝山,精装,90.88,1995.0
南,有电梯,高楼层(共12层),翠湖天地御苑,400,2室2厅,2499.0,黄浦,其他,139.81,1995.0
南,无电梯,高楼层(共6层),金硕河畔景园东区,401,2室1厅,202.0,闵行,精装,74.31,1995.0
南,,中楼层(共7层),东新支路55弄,402,1室1厅,280.0,普陀,简装,40.16,1995.0
南,有电梯,中楼层(共29层),中凯城市之光(静安),403,1室1厅,750.0,静安,精装,62.34,1995.0
南,有电梯,低楼层(共38层),财富海景花园,404,4室2厅,5185.0,浦东,精装,346.87,1995.0
南,有电梯,低楼层(共32层),仁恒滨江园,405,5室2厅,3299.0,浦东,精装,327.2,1995.0
南,有电梯,高楼层(共24层),金羽名庭,406,2室2厅,850.0,浦东,精装,102.9,1995.0
南,有电梯,低楼层(共18层),天山华庭,407,2室2厅,800.0,长宁,精装,93.18,1995.0
南,无电梯,中楼层(共6层),恒大华城东林苑,408,2室1厅,430.0,浦东,精装,66.81,1995.0
南,有电梯,低楼层(共32层),半岛花园,409,6室3厅,1858.0,普陀,简装,330.17,1995.0
南,无电梯,中楼层(共6层),华亭新家三辰苑,410,2室1厅,200.0,松江,精装,56.33,1995.0
南,无电梯,中楼层(共6层),航华二村二街坊,411,2室2厅,315.0,闵行,简装,76.7,1995.0
南,无电梯,低楼层(共6层),诸家宅小区,412,2室1厅,390.0,徐汇,简装,54.82,1995.0
南,有电梯,低楼层(共18层),三湘四季花城,413,2室2厅,383.0,松江,毛坯,91.88,1995.0
南,有电梯,中楼层(共9层),锦绣江南(一期),414,3室2厅,835.0,闵行,精装,127.75,1995.0
南,有电梯,中楼层(共8层),新华世纪园,415,2室2厅,945.0,长宁,精装,114.91,1995.0
南,有电梯,低楼层(共18层),上城Uptown,416,3室2厅,1220.0,长宁,精装,169.45,1995.0
南,无电梯,低楼层(共6层),柳营路1025弄,417,1室1厅,233.0,闸北,简装,36.96,1995.0
南,有电梯,低楼层(共11层),聚丰景都,418,2室2厅,399.0,宝山,精装,87.77,1995.0
南北,有电梯,中楼层(共23层),第九城市(二期),419,4室2厅,1758.0,浦东,精装,187.91,1995.0
南,有电梯,低楼层(共23层),千鹤小区,420,2室1厅,535.0,徐汇,精装,78.8,1995.0
南,有电梯,低楼层(共15层),中福花苑,421,1室1厅,350.0,黄浦,简装,44.97,1995.0
南,无电梯,低楼层(共5层),华一新城,422,2室2厅,470.0,闵行,简装,79.9,1995.0
南,有电梯,高楼层(共11层),银河新都,423,2室1厅,315.0,闵行,精装,67,1995.0
南,有电梯,低楼层(共15层),东苑福邸,424,4室2厅,530.0,闵行,其他,176,1995.0
南,有电梯,高楼层(共11层),大唐盛世花园,425,2室2厅,1100.0,浦东,精装,100.27,1995.0
南北,有电梯,低楼层(共28层),万业紫辰苑,426,2室2厅,330.0,宝山,精装,79.94,1995.0
南,无电梯,高楼层(共6层),花苑村紫竹园,427,1室1厅,295.0,徐汇,其他,42.95,1995.0
南,无电梯,中楼层(共6层),共富一村,428,3室2厅,393.0,宝山,简装,110.11,1995.0
东南,无电梯,中楼层(共6层),长桥五村,429,2室1厅,420.0,徐汇,简装,56.07,1995.0
南,无电梯,低楼层(共6层),广海花园,430,2室2厅,470.0,闵行,精装,88.46,1995.0
南,有电梯,低楼层(共47层),盛大金磐,431,3室2厅,2400.0,浦东,精装,263.98,1995.0
南,有电梯,低楼层(共37层),尊园,432,3室2厅,1213.0,徐汇,毛坯,152.45,1995.0
南,有电梯,低楼层(共11层),浦东星河湾,433,3室2厅,2180.0,浦东,精装,226.65,1995.0
南,有电梯,低楼层(共25层),士林华苑,434,4室2厅,1950.0,黄浦,毛坯,196.92,1995.0
南,有电梯,高楼层(共9层),瑞金尊邸,435,1室2厅,720.0,徐汇,精装,78.72,1995.0
南,有电梯,中楼层(共11层),毕加索小镇(二期)(公寓),436,2室2厅,529.0,浦东,精装,89.17,1995.0
南,有电梯,低楼层(共11层),东方悦居,437,2室1厅,415.0,浦东,简装,73.45,1995.0
南,无电梯,高楼层(共6层),绿川新苑,438,2室1厅,329.0,浦东,简装,77.3,1995.0
东南,有电梯,中楼层(共49层),世茂滨江花园,439,2室2厅,1300.0,浦东,精装,139.02,1995.0
南,有电梯,中楼层(共14层),绿洲康城亲水湾(中央区),440,3室2厅,660.0,浦东,精装,137.09,1995.0
南,无电梯,高楼层(共6层),上南五村,441,1室0厅,200.0,浦东,精装,35.51,1995.0
南,无电梯,中楼层(共6层),高华小区,442,2室0厅,165.0,闵行,简装,46.78,1995.0
南,有电梯,高楼层(共18层),古银杏苑,443,3室2厅,520.0,浦东,毛坯,112.7,1995.0
南,有电梯,低楼层(共16层),新天地荻泾花园,444,3室2厅,355.0,宝山,毛坯,93.85,1995.0
东南,无电梯,中楼层(共6层),九华新园,445,3室1厅,310.0,奉贤,毛坯,106.87,1995.0
南,无电梯,低楼层(共6层),新华小区,446,3室1厅,198.0,闵行,毛坯,61.48,1995.0
193.8平米,,10层2011年建板楼),新浦江城（四期）,447,联排别墅,1000.0,闵行,南北,4室2厅,
南,无电梯,高楼层(共6层),北枫桥园,448,2室1厅,265.0,普陀,简装,53.42,1995.0
南北,有电梯,中楼层(共32层),西凌新邨,449,3室1厅,740.0,黄浦,简装,102.74,1995.0
南北,有电梯,中楼层(共9层),衡辰三林苑,450,2室2厅,598.0,浦东,其他,95.16,1995.0
南北,有电梯,中楼层(共24层),阳光威尼斯AB区,451,2室2厅,440.0,普陀,简装,101.75,1995.0
南北,,低楼层(共11层),嘉宝梦之湾(公寓),452,4室2厅,366.0,嘉定,毛坯,96.5,1995.0
南北,无电梯,高楼层(共5层),千汇苑一村,453,3室2厅,300.0,浦东,毛坯,106.13,1995.0
南北,有电梯,高楼层(共11层),景星苑,454,4室2厅,1200.0,闸北,精装,169.7,1995.0
南,有电梯,低楼层(共35层),江临天下,455,2室2厅,1100.0,浦东,精装,116.85,1995.0
南,无电梯,高楼层(共6层),莲花公寓(闵行),456,2室1厅,485.0,闵行,简装,83.19,1995.0
南,有电梯,中楼层(共21层),四季全景台,457,4室2厅,1900.0,浦东,精装,212.65,1995.0
南,有电梯,中楼层(共18层),惠益新苑,458,1室1厅,158.0,浦东,毛坯,58.17,1995.0
南,有电梯,低楼层(共35层),瑞虹新城(三期),459,2室2厅,865.0,虹口,精装,103.58,1995.0
南,有电梯,高楼层(共15层),上海康城,460,2室2厅,372.0,闵行,精装,98.33,1995.0
南,有电梯,低楼层(共11层),海逸公寓,461,2室2厅,775.0,长宁,精装,91.35,1995.0
南北,无电梯,高楼层(共6层),汇颂南苑,462,2室2厅,245.0,闵行,精装,72.1,1995.0
南,无电梯,中楼层(共5层),新泾一村,463,1室1厅,205.0,长宁,简装,40.34,1995.0
南,无电梯,中楼层(共6层),临沂六村,464,1室1厅,205.0,浦东,毛坯,37.31,1995.0
西南,有电梯,低楼层(共18层),东航明珠公寓,465,2室2厅,500.0,闵行,精装,89.25,1995.0
南北,有电梯,中楼层(共17层),兴平昌苑,466,3室2厅,950.0,杨浦,精装,137.29,1995.0
南,无电梯,高楼层(共6层),通河六村,467,2室1厅,200.0,宝山,其他,54.82,1995.0
南,有电梯,低楼层(共35层),汇豪天下,468,2室2厅,1030.0,浦东,精装,111.62,1995.0
南北,有电梯,高楼层(共16层),绿洲香岛花园,469,3室2厅,568.0,松江,精装,151.45,1995.0
南,有电梯,高楼层(共28层),新海城,470,3室2厅,630.0,虹口,精装,120.69,1995.0
南,有电梯,中楼层(共11层),新梅共和城,471,3室2厅,805.0,闸北,简装,113.97,1995.0
北,有电梯,中楼层(共23层),世纪之门,472,2室1厅,435.0,普陀,精装,59.36,1995.0
南,有电梯,低楼层(共11层),白玉兰馨园,473,1室2厅,330.0,上海周边,精装,56.38,1995.0
南北,有电梯,中楼层(共18层),君莲宏润丽苑,474,3室2厅,415.0,闵行,毛坯,106,1995.0
南北,无电梯,低楼层(共6层),新世纪花苑(三期)(浦东),475,2室2厅,620.0,浦东,其他,102,1995.0
南北,无电梯,高楼层(共6层),凌霄苑,476,2室2厅,345.0,浦东,精装,76.28,1995.0
南,有电梯,高楼层(共24层),上海滩新昌城,477,2室2厅,1200.0,黄浦,精装,107.9,1995.0
南,有电梯,低楼层(共12层),西郊九韵城,478,2室2厅,310.0,闵行,毛坯,81.07,1995.0
南,有电梯,低楼层(共11层),证大家园(四期),479,2室2厅,710.0,浦东,精装,106.04,1995.0
南,无电梯,高楼层(共6层),大唐花园,480,3室1厅,265.0,宝山,精装,90.26,1995.0
南,有电梯,中楼层(共29层),万里双子座,481,2室2厅,580.0,普陀,精装,97.38,1995.0
南,无电梯,高楼层(共5层),浦江世博家园五街坊,482,2室2厅,390.0,闵行,精装,88.5,1995.0
南,有电梯,低楼层(共11层),流晶逸彩,483,3室2厅,700.0,闵行,其他,132.12,1995.0
南西北,无电梯,中楼层(共6层),天山路1726弄,484,3室0厅,365.0,长宁,毛坯,56.74,1995.0
南,有电梯,中楼层(共16层),保辉香景园,485,2室2厅,1120.0,杨浦,精装,121.1,1995.0
东北,有电梯,中楼层(共20层),南星小区,486,2室1厅,398.0,闸北,精装,66,1995.0
南,有电梯,中楼层(共28层),慧芝湖花园,487,2室2厅,770.0,闸北,精装,91.8,1995.0
南,无电梯,低楼层(共6层),欧风花都,488,2室2厅,600.0,闵行,精装,101.11,1995.0
西南西北,有电梯,高楼层(共38层),爱俪轩,489,2室2厅,765.0,静安,精装,120.05,1995.0
南北,有电梯,中楼层(共14层),保利湖畔阳光苑,490,2室2厅,310.0,嘉定,精装,88.47,1995.0
南,有电梯,中楼层(共12层),锦绣江南(四期),491,2室2厅,829.0,闵行,简装,116.82,1995.0
南北,,中楼层(共18层),金沙鼎苑,492,2室2厅,283.0,嘉定,其他,78.34,1995.0
南,无电梯,低楼层(共7层),中南小区,493,2室1厅,680.0,黄浦,简装,65.52,1995.0
南,有电梯,中楼层(共18层),环球翡翠湾花园(公寓),494,2室2厅,540.0,浦东,精装,94.4,1995.0
南,无电梯,中楼层(共7层),静安花苑(二),495,2室2厅,599.0,闵行,精装,90.21,1995.0
南,有电梯,中楼层(共28层),日月星辰,496,2室2厅,602.0,普陀,精装,96.42,1995.0
南,有电梯,低楼层(共11层),九歌茗园,497,2室2厅,623.0,闵行,精装,100.38,1995.0
南,有电梯,低楼层(共12层),大上海国际花园九区,498,2室2厅,581.8,闵行,精装,102.32,1995.0
南,无电梯,高楼层(共6层),颛溪五村,499,2室2厅,255.0,闵行,精装,78.32,1995.0
南北,有电梯,低楼层(共9层),仁恒滨江园,500,3室2厅,1500.0,浦东,精装,146.01,1995.0
南北,有电梯,中楼层(共18层),绿地东上海,501,3室2厅,560.0,浦东,精装,117.52,1995.0
南北,有电梯,高楼层(共18层),盐湖新居,502,2室2厅,335.0,嘉定,精装,84.92,1995.0
南,无电梯,高楼层(共6层),景舒苑八村,503,2室2厅,290.0,闵行,精装,75.75,1995.0
南,有电梯,高楼层(共24层),静安新城四区,504,1室1厅,328.0,闵行,简装,59.13,1995.0
南,有电梯,高楼层(共21层),仲信苑,505,1室1厅,580.0,长宁,毛坯,69.53,1995.0
南,有电梯,高楼层(共26层),申达大厦,506,2室2厅,730.0,静安,毛坯,109.9,1995.0
南,有电梯,高楼层(共13层),爱博五村,507,1室1厅,285.0,闵行,毛坯,60.66,1995.0
东南,有电梯,高楼层(共18层),田林十四村,508,2室1厅,440.0,徐汇,精装,73.5,1995.0
南,无电梯,高楼层(共6层),新华小区,509,2室1厅,193.0,闵行,简装,61.6,1995.0
南,无电梯,高楼层(共6层),云锦雅苑,510,2室2厅,150.0,浦东,简装,83.23,1995.0
南北,无电梯,高楼层(共6层),合欢公寓,511,3室2厅,445.0,浦东,精装,130,1995.0
南北,有电梯,低楼层(共11层),茉莉雅苑,512,2室1厅,190.0,松江,其他,74.23,1995.0
南,有电梯,高楼层(共8层),锦三角花园(公寓),513,3室3厅,1212.0,浦东,简装,202.1,1995.0
南,有电梯,高楼层(共14层),高行绿洲(五期),514,1室1厅,212.0,浦东,简装,54.1,1995.0
南,无电梯,中楼层(共4层),万科优诗美地,515,3室2厅,640.0,闵行,简装,124.04,1995.0
南,有电梯,低楼层(共17层),浦江茗园,516,3室2厅,1450.0,浦东,精装,167.87,1995.0
南,无电梯,低楼层(共6层),东方公寓(虹口),517,1室1厅,288.0,虹口,精装,48,1995.0
南,有电梯,高楼层(共17层),好世鹿鸣苑,518,1室1厅,370.0,闵行,精装,55.64,1995.0
南,有电梯,中楼层(共26层),天山河畔花园,519,2室2厅,888.0,长宁,精装,107.98,1995.0
南,有电梯,高楼层(共24层),圣骊河滨苑,520,3室2厅,898.0,杨浦,简装,131.68,1995.0
南,无电梯,高楼层(共6层),界龙花苑,521,3室2厅,380.0,浦东,精装,108,1995.0
南,有电梯,低楼层(共8层),艺泰安邦,522,2室2厅,240.0,浦东,精装,91.59,1995.0
南,有电梯,低楼层(共27层),绿地海域苏河源(一期),523,3室2厅,365.0,嘉定,毛坯,113.92,1995.0
南,,低楼层(共18层),棕榈滩海景城,524,2室2厅,149.0,奉贤,简装,92,1995.0
南,有电梯,低楼层(共31层),仁恒河滨城(三期),525,3室2厅,1450.0,浦东,精装,153.33,1995.0
南,有电梯,低楼层(共30层),世茂湖滨花园(公寓),526,2室2厅,1250.0,浦东,精装,150.93,1995.0
南,有电梯,高楼层(共25层),华丽家族花园,527,3室2厅,1350.0,浦东,精装,141.54,1995.0
东南南,有电梯,高楼层(共16层),香梅花园(三-五期),528,3室2厅,1699.0,浦东,精装,188.45,1995.0
南北,无电梯,中楼层(共6层),顺驰美兰湖,529,3室2厅,360.0,宝山,精装,110.32,1995.0
南,,中楼层(共11层),佳兆业珊瑚湾(公寓),530,3室2厅,155.0,奉贤,精装,87.46,1995.0
南,有电梯,低楼层(共11层),绿水家园,531,3室2厅,700.0,闵行,其他,145.07,1995.0
南,有电梯,高楼层(共18层),盛世年华,532,3室2厅,1550.0,浦东,精装,138.58,1995.0
南,有电梯,中楼层(共14层),新凯一期,533,2室1厅,241.0,松江,精装,77.71,1995.0
南,无电梯,中楼层(共6层),通海一小区,534,2室1厅,225.0,闵行,简装,64.94,1995.0
南,有电梯,低楼层(共43层),世茂湖滨花园(公寓),535,2室2厅,1290.0,浦东,精装,172.25,1995.0
东,有电梯,低楼层(共20层),恒安阁,536,3室2厅,1100.0,徐汇,精装,147.17,1995.0
南,无电梯,高楼层(共6层),华光公寓,537,2室2厅,450.0,闵行,精装,74.74,1995.0
南,有电梯,中楼层(共7层),广杭苑,538,3室2厅,700.0,杨浦,其他,130.64,1995.0
南,有电梯,中楼层(共18层),第九城市(二期),539,3室2厅,1360.0,浦东,精装,148,1995.0
南,无电梯,低楼层(共6层),范东铁路小区,540,2室1厅,436.0,长宁,精装,61.49,1995.0
南,无电梯,中楼层(共5层),万科金色雅筑,541,2室2厅,609.0,浦东,精装,76.5,1995.0
南北,有电梯,低楼层(共17层),君莲新城广润苑,542,2室2厅,345.0,闵行,毛坯,85,1995.0
南,有电梯,低楼层(共13层),一品漫城(四期)(公寓),543,2室2厅,540.0,闵行,毛坯,91.79,1995.0
南,有电梯,高楼层(共30层),浦东世纪花园(公寓),544,4室2厅,2300.0,浦东,精装,225.23,1995.0
南,无电梯,中楼层(共6层),欣源公寓,545,2室2厅,422.0,闵行,精装,87.52,1995.0
西,有电梯,高楼层(共31层),碧云东壹栋,546,1室1厅,97.0,浦东,简装,37.76,1995.0
南,,低楼层(共18层),中海寰宇天下,547,3室2厅,639.0,闵行,精装,100.01,1995.0
南,有电梯,中楼层(共11层),银泰苑,548,2室1厅,339.0,闵行,精装,84.5,1995.0
南,有电梯,高楼层(共13层),绿城玉兰花园(一期),549,3室3厅,1390.0,浦东,精装,191.85,1995.0
西南,有电梯,中楼层(共49层),世茂滨江花园,550,4室2厅,2790.0,浦东,精装,303.15,1995.0
南,无电梯,高楼层(共6层),金塔新村,551,2室1厅,213.0,闵行,精装,62.68,1995.0
南北,有电梯,低楼层(共14层),保利湖畔阳光苑,552,4室2厅,565.0,嘉定,精装,171.11,1995.0
南,有电梯,中楼层(共32层),永盛苑,553,3室2厅,1008.0,闸北,简装,154.53,1995.0
南北,,中楼层(共29层),东方豪园(公寓),554,3室2厅,505.0,嘉定,精装,127.9,1995.0
南,有电梯,中楼层(共19层),平武小区,555,1室1厅,450.0,长宁,精装,60.04,1995.0
南北,有电梯,中楼层(共11层),新城金郡,556,2室2厅,336.0,嘉定,精装,88.64,1995.0
南,有电梯,中楼层(共19层),东方花园三期,557,3室2厅,920.0,闵行,简装,131.78,1995.0
西北,,中楼层(共30层),新时空国际商务广场,558,1室1厅,245.0,长宁,精装,59.87,1995.0
北,有电梯,中楼层(共25层),仁恒河滨花园,559,3室2厅,1150.0,长宁,精装,123.71,1995.0
西南,,高楼层(共30层),新时空国际商务广场,560,1室0厅,190.0,长宁,精装,40.62,1995.0
南,有电梯,高楼层(共40层),世茂湖滨花园(公寓),561,4室2厅,2650.0,浦东,精装,369.6,1995.0
北,无电梯,中楼层(共6层),金坤花园,562,1室0厅,190.0,闵行,精装,42.32,1995.0
南,无电梯,中楼层(共4层),解放新村,563,2室1厅,120.0,奉贤,简装,53.59,1995.0
南,有电梯,中楼层(共11层),晓园,564,4室2厅,1980.0,浦东,精装,211.35,1995.0
南,有电梯,高楼层(共26层),驰骋大楼,565,2室1厅,770.0,黄浦,精装,70.73,1995.0
南,无电梯,高楼层(共6层),玉兰香苑(三期),566,1室2厅,340.0,浦东,简装,57.95,1995.0
南,无电梯,中楼层(共6层),妙境路627弄,567,2室2厅,249.0,浦东,简装,89.05,1995.0
南北,无电梯,高楼层(共6层),新凯二期,568,2室1厅,278.0,松江,简装,77.49,1995.0
南,无电梯,中楼层(共6层),秀枫苑,569,2室1厅,232.0,奉贤,毛坯,86.56,1995.0
南北,无电梯,中楼层(共6层),虹梅新苑,570,1室2厅,234.0,闵行,其他,58.62,1995.0
南,无电梯,高楼层(共6层),永和三村,571,2室0厅,265.0,上海周边,毛坯,58.31,1995.0
南,无电梯,低楼层(共5层),瞿溪新村,572,1室0厅,220.0,黄浦,简装,28.21,1995.0
南,有电梯,高楼层(共31层),百汇园,573,3室2厅,2230.0,徐汇,精装,182.06,1995.0
南北,有电梯,低楼层(共13层),天山中华园,574,3室2厅,999.0,长宁,简装,141.87,1995.0
南,无电梯,低楼层(共6层),报春二村,575,2室1厅,249.0,闵行,简装,62.43,1995.0
南,无电梯,中楼层(共4层),新浦江城(江栀路350弄),576,4室2厅,1080.0,闵行,毛坯,199.17,1995.0
南,无电梯,高楼层(共7层),政熙路68弄,577,2室1厅,399.0,杨浦,精装,70.68,1995.0
南,有电梯,低楼层(共14层),新高苑(二期),578,3室2厅,510.0,浦东,毛坯,109.12,1995.0
南,无电梯,中楼层(共6层),南茶园,579,2室2厅,580.0,杨浦,其他,94.83,1995.0
南,无电梯,高楼层(共6层),建华公寓,580,2室2厅,600.0,浦东,精装,81.98,1995.0
南,有电梯,低楼层(共32层),淡水湾花园,581,3室2厅,1588.0,黄浦,精装,148.95,1995.0
南北,无电梯,中楼层(共6层),小上海新城,582,2室2厅,315.0,浦东,精装,74.65,1995.0
南,无电梯,中楼层(共6层),新凯二期,583,3室2厅,325.0,松江,精装,92.79,1995.0
南,无电梯,高楼层(共6层),航华二村二街坊,584,2室1厅,298.0,闵行,其他,68.76,1995.0
南,无电梯,低楼层(共6层),巨龙台湾城,585,2室2厅,200.0,奉贤,简装,84.55,1995.0
南,有电梯,低楼层(共10层),奥林匹克花园,586,1室2厅,288.0,松江,精装,66.97,1995.0
南,无电梯,低楼层(共7层),清宁小区,587,1室1厅,318.0,长宁,精装,49.06,1995.0
北,无电梯,中楼层(共5层),东体小区,588,1室0厅,130.0,虹口,简装,26.08,1995.0
东,有电梯,低楼层(共18层),绿地东上海,589,3室2厅,620.0,浦东,精装,134.29,1995.0
南,有电梯,高楼层(共36层),中信泰富又一城,590,2室2厅,300.0,嘉定,简装,92.53,1995.0
南,无电梯,高楼层(共6层),绿川小区,591,2室1厅,270.0,浦东,精装,59.67,1995.0
南,无电梯,低楼层(共6层),潍坊九村,592,2室0厅,470.0,浦东,精装,49.34,1995.0
南,有电梯,中楼层(共30层),耀江花园,593,3室2厅,1780.0,黄浦,精装,151.83,1995.0
南,有电梯,高楼层(共33层),黄浦新苑(公寓),594,3室2厅,1350.0,黄浦,精装,143.53,1995.0
南,有电梯,低楼层(共25层),盛世年华,595,3室2厅,1500.0,浦东,简装,144.99,1995.0
南,有电梯,高楼层(共19层),新虹桥首府(公寓),596,2室2厅,365.0,松江,其他,88.81,1995.0
南,有电梯,低楼层(共18层),大唐盛世花园,597,3室2厅,1380.0,浦东,精装,145.02,1995.0
西南,有电梯,高楼层(共22层),普雄馨苑,598,2室1厅,415.0,普陀,精装,60.71,1995.0
东北,有电梯,中楼层(共26层),仁恒滨江园,599,2室2厅,980.0,浦东,精装,83.78,1995.0
南,无电梯,高楼层(共6层),春雷路431弄,600,2室1厅,185.0,宝山,精装,54.98,1995.0
南,无电梯,中楼层(共5层),御桥花园,601,3室2厅,480.0,浦东,精装,86.14,1995.0
东南,有电梯,低楼层(共34层),中远两湾城,602,1室2厅,550.0,普陀,精装,69.56,1995.0
南,有电梯,中楼层(共7层),上海滩花园,603,4室3厅,2770.0,黄浦,精装,213.24,1995.0
南,有电梯,中楼层(共10层),中汇公寓,604,3室2厅,1190.0,黄浦,精装,138.22,1995.0
东南,无电梯,中楼层(共7层),万科城市花园,605,2室2厅,394.0,闵行,精装,80.82,1995.0
南,有电梯,高楼层(共18层),中环花苑,606,2室2厅,643.0,普陀,精装,92.01,1995.0
南,有电梯,低楼层(共16层),环球翡翠湾花园(公寓),607,3室2厅,686.0,浦东,精装,125.86,1995.0
南,有电梯,中楼层(共18层),中星海上景庭,608,2室2厅,860.0,浦东,精装,107.68,1995.0
南北,有电梯,中楼层(共9层),聚缘中庭,609,2室1厅,210.0,闵行,精装,73.74,1995.0
南,无电梯,高楼层(共6层),联鑫坊,610,2室2厅,410.0,浦东,简装,90.04,1995.0
南,有电梯,中楼层(共12层),建华公寓,611,3室1厅,820.0,浦东,简装,124.75,1995.0
东,有电梯,高楼层(共25层),达安锦园,612,2室2厅,750.0,静安,精装,75.1,1995.0
南北,,低楼层(共11层),合生城邦三街坊,613,2室2厅,405.0,闵行,精装,107.4,1995.0
南北,无电梯,中楼层(共6层),南方新村,614,3室1厅,426.0,闵行,简装,77.55,1995.0
南,有电梯,高楼层(共14层),三林新村(永泰路136弄),615,1室1厅,265.0,浦东,其他,51.14,1995.0
南北,无电梯,低楼层(共6层),西南小区,616,2室1厅,300.0,虹口,毛坯,47.43,1995.0
南北,无电梯,低楼层(共6层),翠鑫苑,617,2室2厅,206.0,松江,其他,87.01,1995.0
南北,,低楼层(共21层),远香舫嘉苑,618,3室2厅,416.0,嘉定,精装,137.41,1995.0
西,有电梯,低楼层(共41层),世茂滨江花园,619,1室2厅,810.0,浦东,精装,93.08,1995.0
南,有电梯,高楼层(共11层),东方龙苑,620,3室2厅,895.0,浦东,精装,127.84,1995.0
南西北,有电梯,低楼层(共18层),保利星海屿,621,2室2厅,350.0,嘉定,精装,90.14,1995.0
西北,有电梯,中楼层(共22层),康桥半岛国际公寓,622,2室2厅,370.0,浦东,精装,81.64,1995.0
南,有电梯,中楼层(共8层),铭晖西郊苑,623,3室2厅,860.0,长宁,简装,116,1995.0
南北,有电梯,低楼层(共32层),翠湖天地御苑,624,3室2厅,2450.0,黄浦,精装,182.46,1995.0
西,有电梯,低楼层(共28层),田林新苑,625,2室1厅,395.0,徐汇,精装,70.31,1995.0
南,有电梯,低楼层(共33层),明日星城,626,2室2厅,799.0,黄浦,简装,94.94,1995.0
北,有电梯,高楼层(共26层),仁恒河滨城(一期),627,3室2厅,1200.0,浦东,精装,125.33,1995.0
南,有电梯,低楼层(共14层),新凯一期,628,2室2厅,264.0,松江,精装,81.84,1995.0
南,有电梯,低楼层(共11层),中房公寓,629,2室1厅,295.0,嘉定,精装,74.28,1995.0
南,无电梯,中楼层(共5层),新舒苑,630,3室2厅,167.0,浦东,简装,103.35,1995.0
南,有电梯,低楼层(共11层),江南星城,631,2室2厅,550.0,闵行,精装,86.73,1995.0
南,有电梯,高楼层(共18层),南郊御墅,632,2室2厅,390.0,奉贤,精装,91.03,1995.0
南,有电梯,低楼层(共11层),君莲新城广润苑,633,2室2厅,298.0,闵行,毛坯,84.59,1995.0
暂无数据,无电梯,中楼层(共4层),荷风华庭,634,1室1厅,106.0,浦东,毛坯,49.62,1995.0
南,无电梯,中楼层(共6层),斜土路723弄,635,1室0厅,330.0,黄浦,精装,37.84,1995.0
南,无电梯,高楼层(共6层),甘泉苑,636,1室1厅,220.0,普陀,毛坯,47.41,1995.0
南北,有电梯,低楼层(共29层),宝华现代城,637,2室2厅,820.0,闸北,精装,97.84,1995.0
南,无电梯,低楼层(共6层),荷风华庭,638,2室2厅,132.0,浦东,简装,81.63,1995.0
南,有电梯,中楼层(共8层),绿地香颂(奉贤)(公寓),639,2室1厅,110.0,奉贤,精装,62.89,1995.0
暂无数据,有电梯,低楼层(共15层),新凯城钟秀苑,640,2室1厅,221.0,松江,精装,72.6,1995.0
南,有电梯,低楼层(共12层),南国花园,641,3室2厅,550.0,闵行,精装,112.37,1995.0
南,无电梯,低楼层(共6层),金祥苑,642,1室1厅,400.0,徐汇,简装,53.15,1995.0
西南,有电梯,高楼层(共49层),世茂滨江花园,643,2室2厅,1400.0,浦东,精装,139.02,1995.0
南,无电梯,高楼层(共6层),芳华路253弄,644,2室1厅,355.0,浦东,简装,75.02,1995.0
南,有电梯,低楼层(共18层),宝林一村,645,1室1厅,248.0,宝山,精装,59.73,1995.0
南,无电梯,低楼层(共6层),龙州小区,646,2室0厅,236.0,徐汇,精装,43.05,1995.0
南北,有电梯,低楼层(共11层),湖畔佳苑(公寓),647,4室2厅,1250.0,青浦,精装,277.15,1995.0
南,无电梯,中楼层(共6层),香楠小区,648,2室2厅,370.0,浦东,简装,62.75,1995.0
南,有电梯,低楼层(共8层),富力桃园(公寓),649,4室2厅,445.0,青浦,毛坯,150.9,1995.0
南,有电梯,高楼层(共21层),四季全景台,650,4室2厅,2000.0,浦东,精装,212.65,1995.0
南,有电梯,中楼层(共17层),水清木华,651,3室2厅,1599.0,浦东,精装,161.24,1995.0
南,无电梯,中楼层(共5层),江秋新苑(公寓),652,2室2厅,195.0,松江,精装,79.43,1995.0
南,无电梯,中楼层(共6层),航华二村二街坊,653,2室1厅,315.0,闵行,精装,68.76,1995.0
南,无电梯,高楼层(共6层),延长小区(闸北),654,2室0厅,336.0,闸北,精装,44.8,1995.0
南,有电梯,高楼层(共20层),华润中央公园(芳礼路99弄)(公寓),655,3室2厅,999.0,嘉定,精装,188.5,1995.0
南北,,低楼层(共23层),恒大御景湾,656,3室2厅,440.0,嘉定,毛坯,130,1995.0
南,有电梯,高楼层(共18层),古北御庭,657,3室2厅,1300.0,浦东,精装,146.85,1995.0
南,有电梯,高楼层(共21层),金桥瑞仕花园,658,2室2厅,1200.0,浦东,精装,124.92,1995.0
南北,有电梯,中楼层(共25层),士林华苑,659,4室2厅,1620.0,黄浦,精装,184.36,1995.0
南,有电梯,低楼层(共18层),公园3000黄兴花园,660,3室2厅,890.0,杨浦,简装,132,1995.0
南,有电梯,中楼层(共25层),嘉宝紫提湾(公寓),661,2室2厅,270.0,嘉定,精装,69.76,1995.0
南,有电梯,高楼层(共12层),上海康城,662,3室2厅,405.0,闵行,精装,117.96,1995.0
南,有电梯,中楼层(共14层),春申景城MIDTOWN,663,2室2厅,705.0,闵行,精装,108.7,1995.0
南,有电梯,低楼层(共27层),宝华现代城,664,2室2厅,820.0,闸北,精装,95.82,1995.0
北,有电梯,低楼层(共27层),长发花园,665,3室2厅,780.0,长宁,简装,121.45,1995.0
南,有电梯,中楼层(共20层),天安花园,666,2室2厅,910.0,浦东,精装,110,1995.0
南,有电梯,低楼层(共39层),瑞虹新城(一期),667,3室2厅,958.0,虹口,精装,124.96,1995.0
南北,无电梯,高楼层(共5层),锦博苑,668,3室2厅,599.0,浦东,精装,102.95,1995.0
南,有电梯,中楼层(共21层),联洋年华,669,2室2厅,1080.0,浦东,精装,118.39,1995.0
南,无电梯,高楼层(共6层),恒大小区,670,2室1厅,330.0,浦东,精装,64.99,1995.0
南北,无电梯,中楼层(共5层),新城金郡,671,3室2厅,425.0,嘉定,简装,93.7,1995.0
南,有电梯,中楼层(共15层),绿地新江桥城,672,2室1厅,315.0,嘉定,精装,77.06,1995.0
南,有电梯,中楼层(共28层),嘉宏紫薇园,673,2室1厅,585.0,虹口,简装,87.97,1995.0
南,有电梯,低楼层(共25层),东鼎名人府邸(松江),674,3室2厅,730.0,松江,精装,186.53,1995.0
西,有电梯,中楼层(共35层),江临天下,675,4室2厅,1720.0,浦东,精装,210.11,1995.0
南,,中楼层(共6层),佳乐苑,676,3室2厅,329.0,青浦,精装,129.71,1995.0
南北,有电梯,高楼层(共28层),宝华现代城,677,2室2厅,840.0,闸北,精装,96.13,1995.0
南,,中楼层(共18层),佳兆业壹号,678,2室1厅,295.0,嘉定,其他,75.47,1995.0
南,有电梯,低楼层(共18层),绿庭尚城,679,3室2厅,366.0,松江,其他,88.87,1995.0
南,,高楼层(共7层),安化路417号,680,2室1厅,360.0,长宁,精装,60.59,1995.0
南,有电梯,高楼层(共33层),汇龙新城,681,3室2厅,1348.0,黄浦,简装,143.69,1995.0
南,无电梯,高楼层(共6层),申良花园,682,2室2厅,316.0,闵行,简装,95.9,1995.0
南北,有电梯,中楼层(共11层),嘉丰佳苑,683,3室2厅,358.0,嘉定,精装,141.58,1995.0
南,有电梯,低楼层(共14层),名庭花苑,684,3室2厅,485.0,松江,精装,153.61,1995.0
西,有电梯,中楼层(共21层),保利叶语(二期)(公寓),685,4室1厅,635.0,宝山,精装,127.36,1995.0
南,有电梯,低楼层(共23层),汇龙新城,686,3室2厅,1500.0,黄浦,精装,158.3,1995.0
南,,中楼层(共29层),百汇园,687,3室2厅,2020.0,徐汇,精装,189,1995.0
南,无电梯,高楼层(共6层),定西路1235弄,688,2室1厅,326.0,长宁,简装,52.37,1995.0
南北,有电梯,高楼层(共13层),金帝城市岸泊(公寓),689,5室2厅,668.0,嘉定,精装,188.39,1995.0
南,有电梯,中楼层(共10层),绿地诺丁山(公寓),690,1室1厅,205.0,松江,精装,48.6,1995.0
南,,中楼层(共14层),佳兆业8号(公寓),691,2室2厅,230.0,奉贤,毛坯,88.14,1995.0
南,无电梯,高楼层(共6层),江桥二村,692,2室1厅,215.0,嘉定,简装,66.45,1995.0
南,无电梯,高楼层(共6层),玉兰二村,693,2室2厅,239.0,嘉定,精装,120.5,1995.0
南,有电梯,高楼层(共7层),三泾南宅,694,3室1厅,455.0,长宁,简装,63.59,1995.0
南,有电梯,中楼层(共32层),世茂湖滨花园(公寓),695,3室2厅,1580.0,浦东,精装,207.94,1995.0
南,有电梯,中楼层(共20层),实地公寓,696,1室1厅,362.5,普陀,简装,66.9,1995.0
南,有电梯,低楼层(共25层),泾东小区,697,1室1厅,365.0,浦东,简装,53.73,1995.0
南北,有电梯,高楼层(共20层),新湖明珠城,698,3室2厅,1180.0,普陀,精装,140.49,1995.0
南,,低楼层(共18层),海尚墅林苑,699,2室2厅,170.0,奉贤,毛坯,88.4,1995.0
南,,高楼层(共13层),爱博四村,700,2室2厅,410.0,闵行,毛坯,84.57,1995.0
南,有电梯,中楼层(共18层),金浦大楼,701,2室2厅,673.0,徐汇,简装,100.5,1995.0
南北,有电梯,高楼层(共17层),明天华城,702,4室2厅,700.0,浦东,精装,179.84,1995.0
南,无电梯,中楼层(共6层),怡静园,703,2室1厅,182.0,浦东,毛坯,62,1995.0
南,有电梯,高楼层(共18层),钦州公寓,704,2室1厅,418.0,徐汇,精装,69.76,1995.0
南,无电梯,高楼层(共5层),鞍山四村第二小区,705,2室0厅,305.0,杨浦,精装,46.26,1995.0
南北,无电梯,高楼层(共6层),城南新村,706,2室1厅,195.0,嘉定,毛坯,67.38,1995.0
南,无电梯,低楼层(共6层),文致公寓,707,3室2厅,600.0,虹口,精装,106,1995.0
南,无电梯,中楼层(共6层),西环三村,708,2室1厅,255.0,闵行,简装,74.5,1995.0
南,有电梯,中楼层(共27层),瀚林世家,709,1室1厅,700.0,静安,精装,57.1,1995.0
南,无电梯,低楼层(共6层),久耕小区,710,1室1厅,255.0,虹口,简装,40.58,1995.0
南,无电梯,中楼层(共4层),东都小区,711,1室1厅,170.0,浦东,简装,52.17,1995.0
西,有电梯,低楼层(共29层),三和花园,712,1室2厅,680.0,静安,精装,69.48,1995.0
南北,有电梯,低楼层(共17层),浦江宝邸,713,1室1厅,156.0,闵行,毛坯,52.64,1995.0
南北,有电梯,低楼层(共18层),锦绣华都,714,2室2厅,425.0,浦东,毛坯,90.04,1995.0
南,有电梯,低楼层(共7层),静安新城三区,715,2室1厅,320.0,闵行,简装,64.91,1995.0
南,有电梯,中楼层(共13层),临汾名城,716,2室2厅,560.0,闸北,精装,94.14,1995.0
南,有电梯,中楼层(共11层),丽江佳苑,717,1室1厅,230.0,嘉定,毛坯,60.07,1995.0
南,无电梯,低楼层(共6层),中芯花园(公寓),718,3室2厅,700.0,浦东,精装,121.31,1995.0
南,无电梯,低楼层(共5层),平阳新村四街坊,719,2室2厅,380.0,闵行,简装,73.94,1995.0
南,无电梯,低楼层(共6层),荣丰花园,720,2室2厅,580.0,杨浦,毛坯,91.57,1995.0
南,无电梯,高楼层(共6层),金塔新村,721,3室1厅,248.0,闵行,简装,81.35,1995.0
南,有电梯,低楼层(共19层),上外中山大楼,722,2室1厅,428.0,虹口,精装,74.51,1995.0
南,有电梯,中楼层(共8层),尚东国际名园,723,2室2厅,910.0,浦东,精装,106.28,1995.0
南,有电梯,中楼层(共18层),远洋香奈,724,3室2厅,440.0,宝山,毛坯,115.51,1995.0
西北,有电梯,高楼层(共29层),爱邦大厦,725,2室2厅,398.0,徐汇,毛坯,96.98,1995.0
南北,有电梯,中楼层(共12层),浦江智汇园,726,2室2厅,390.0,闵行,精装,81.32,1995.0
南,有电梯,中楼层(共14层),金桥和苑,727,2室2厅,525.0,浦东,毛坯,79.24,1995.0
南,无电梯,低楼层(共6层),沙田公寓,728,3室1厅,265.0,浦东,简装,88,1995.0
南,有电梯,低楼层(共25层),恒阳花苑,729,2室2厅,635.0,杨浦,简装,86.85,1995.0
南北,有电梯,低楼层(共20层),天安花园,730,2室2厅,930.0,浦东,精装,109.99,1995.0
南,有电梯,低楼层(共9层),泰成花苑,731,3室1厅,750.0,徐汇,简装,122.36,1995.0
南北,有电梯,低楼层(共20层),绿地清猗园(威廉公馆),732,3室2厅,605.0,嘉定,精装,131,1995.0
南,有电梯,中楼层(共18层),华泽新苑,733,2室1厅,204.9,松江,精装,72.13,1995.0
南北,无电梯,高楼层(共6层),金杨新村九街坊,734,2室1厅,320.0,浦东,精装,61.21,1995.0
南,无电梯,高楼层(共6层),江桥二村,735,1室1厅,180.0,嘉定,其他,49.17,1995.0
南,有电梯,高楼层(共19层),联业大楼,736,2室1厅,530.0,长宁,简装,77.57,1995.0
南,,高楼层(共23层),大名城名郡,737,3室2厅,286.0,嘉定,精装,89,1995.0
南,有电梯,低楼层(共18层),绿地香颂(浦东)(公寓),738,3室1厅,420.0,浦东,精装,87.84,1995.0
西,有电梯,中楼层(共36层),凯欣豪园,739,1室0厅,520.0,长宁,精装,46.28,1995.0
南,有电梯,中楼层(共8层),毕加索小镇(一期)(公寓),740,2室2厅,480.0,浦东,其他,89.23,1995.0
南,无电梯,高楼层(共7层),中南小区,741,2室1厅,820.0,黄浦,精装,79.13,1995.0
南,有电梯,高楼层(共18层),惠益新苑,742,2室1厅,190.0,浦东,毛坯,78.94,1995.0
南,无电梯,高楼层(共6层),馨乐园,743,2室2厅,450.0,浦东,精装,90,1995.0
南北,无电梯,中楼层(共7层),华业小区,744,2室1厅,893.0,静安,精装,77.67,1995.0
南,无电梯,中楼层(共6层),竹园小区(嘉定),745,1室1厅,165.0,嘉定,简装,52.56,1995.0
南,无电梯,高楼层(共6层),新宜小区,746,1室0厅,158.0,普陀,简装,34.84,1995.0
东南,有电梯,高楼层(共20层),金轩公寓,747,1室1厅,530.0,徐汇,其他,72.29,1995.0
南,有电梯,低楼层(共22层),绿庭尚城,748,1室2厅,280.0,松江,其他,70.26,1995.0
西南西,有电梯,高楼层(共18层),锦绣家园,749,2室2厅,740.0,黄浦,精装,100.98,1995.0
东南,有电梯,高楼层(共19层),中福花苑,750,1室2厅,430.0,黄浦,简装,44.62,1995.0
南北,有电梯,中楼层(共20层),第九城市(二期),751,4室2厅,1450.0,浦东,毛坯,156.68,1995.0
东南,有电梯,低楼层(共25层),上海绿城,752,3室2厅,1150.0,浦东,其他,127.49,1995.0
南,无电梯,中楼层(共6层),梅园三街坊,753,2室1厅,543.0,浦东,精装,49.79,1995.0
南,有电梯,低楼层(共30层),弘辉名苑,754,2室2厅,1190.0,黄浦,精装,100.72,1995.0
南,无电梯,高楼层(共6层),文苑小区(虹口),755,2室1厅,296.0,虹口,其他,63.38,1995.0
南,有电梯,中楼层(共14层),中虹家园,756,2室1厅,270.0,浦东,其他,68.67,1995.0
南,有电梯,高楼层(共6层),航华二村驰骋小区,757,2室1厅,259.0,闵行,其他,71.47,1995.0
南,无电梯,高楼层(共6层),富友嘉园,758,2室2厅,249.0,嘉定,精装,71.92,1995.0
南,无电梯,高楼层(共6层),田林十二村,759,2室1厅,423.0,徐汇,精装,50.08,1995.0
南,无电梯,高楼层(共6层),三江小区,760,1室1厅,410.0,徐汇,简装,47.15,1995.0
南,无电梯,低楼层(共6层),广海花园,761,2室1厅,352.0,闵行,简装,64.48,1995.0
南北,无电梯,低楼层(共6层),金帝城市岸泊(公寓),762,2室2厅,345.0,嘉定,简装,90.98,1995.0
南,有电梯,高楼层(共14层),颐亭花园(公寓),763,2室2厅,360.0,松江,精装,98.67,1995.0
南,有电梯,低楼层(共29层),欧阳名邸,764,2室2厅,710.0,虹口,简装,102.1,1995.0
西南,有电梯,高楼层(共26层),红旗教师公寓,765,2室2厅,740.0,徐汇,精装,89.03,1995.0
南,有电梯,低楼层(共24层),逸翠公馆,766,2室2厅,640.0,浦东,精装,103.58,1995.0
东南,有电梯,中楼层(共24层),大宁龙盛雅苑,767,2室1厅,540.0,闸北,简装,61.94,1995.0
南,,中楼层(共6层),好日子大家园C区,768,2室2厅,320.0,宝山,精装,93.47,1995.0
南,有电梯,低楼层(共14层),经纬观澜弘郡家园(三期),769,2室2厅,408.0,宝山,精装,86.43,1995.0
南北,有电梯,低楼层(共16层),环球翡翠湾花园(公寓),770,3室2厅,780.0,浦东,简装,135.9,1995.0
南,无电梯,低楼层(共6层),汇丽苑,771,3室2厅,455.0,浦东,简装,122.28,1995.0
南,有电梯,高楼层(共11层),联洋花园(一期),772,3室2厅,998.0,浦东,简装,108.42,1995.0
南北,无电梯,中楼层(共6层),香山新村东北街坊,773,2室1厅,360.0,浦东,简装,65.8,1995.0
南北,有电梯,中楼层(共16层),美丽星城,774,2室2厅,328.0,松江,精装,87.4,1995.0
南,有电梯,低楼层(共14层),高行绿洲(六期),775,2室2厅,272.0,浦东,其他,80.3,1995.0
南,有电梯,高楼层(共18层),绿地香颂(浦东)(公寓),776,2室2厅,460.0,浦东,精装,87.91,1995.0
东南,无电梯,低楼层(共6层),白玉新村,777,2室1厅,335.0,普陀,毛坯,55.49,1995.0
南北,无电梯,高楼层(共7层),光复新苑,778,3室2厅,498.0,普陀,精装,105.47,1995.0
南,有电梯,高楼层(共14层),浦润苑,779,3室2厅,380.0,闵行,毛坯,107.97,1995.0
南,有电梯,高楼层(共16层),涵合园(公寓),780,2室2厅,665.0,浦东,精装,80.11,1995.0
南,有电梯,高楼层(共18层),大华清水湾,781,2室2厅,880.0,普陀,精装,98.57,1995.0
南北,无电梯,高楼层(共6层),三林苑,782,2室2厅,330.0,浦东,简装,71.88,1995.0
南,有电梯,中楼层(共32层),亚都国际名园,783,2室2厅,1075.0,徐汇,精装,112.45,1995.0
南北,有电梯,低楼层(共18层),东方帕堤欧,784,3室2厅,330.0,宝山,精装,84.85,1995.0
南,无电梯,高楼层(共6层),航华四村,785,2室1厅,240.0,闵行,简装,54.03,1995.0
西南,有电梯,中楼层(共8层),新家坡园景苑,786,3室2厅,888.0,黄浦,精装,109.65,1995.0
南,有电梯,中楼层(共25层),花木绿城锦绣兰庭,787,3室2厅,1580.0,浦东,精装,158,1995.0
东南北,有电梯,低楼层(共37层),东方巴黎,788,2室1厅,980.0,徐汇,精装,86.79,1995.0
东南,有电梯,低楼层(共32层),瑞虹新城(一期),789,2室2厅,635.0,虹口,精装,72.06,1995.0
南北,有电梯,中楼层(共14层),阳城书院,790,2室2厅,620.0,上海周边,精装,92.53,1995.0
南,有电梯,高楼层(共24层),东明苑,791,2室1厅,470.0,浦东,其他,78.1,1995.0
南,有电梯,中楼层(共20层),绿地清猗园(威廉公馆),792,2室2厅,425.0,嘉定,毛坯,86.33,1995.0
南,有电梯,低楼层(共20层),江临天下,793,3室2厅,1245.0,浦东,精装,125.34,1995.0
南,有电梯,低楼层(共31层),百汇园,794,2室2厅,1550.0,徐汇,精装,132.91,1995.0
南,有电梯,低楼层(共10层),上海花城,795,2室2厅,710.0,长宁,精装,102.62,1995.0
南,有电梯,中楼层(共25层),上海绿城,796,3室2厅,1110.0,浦东,简装,127.49,1995.0
南,有电梯,高楼层(共35层),徐汇世家花园,797,3室2厅,990.0,徐汇,其他,122.16,1995.0
南,有电梯,中楼层(共16层),城中花园,798,3室2厅,510.0,浦东,简装,143,1995.0
东北,有电梯,低楼层(共29层),新领地,799,3室2厅,480.0,浦东,精装,125.65,1995.0
南,,中楼层(共26层),骏丰玲珑坊,800,2室1厅,275.0,嘉定,其他,73.99,1995.0
南,有电梯,低楼层(共18层),汇锦城二期,801,3室2厅,255.0,浦东,精装,90.95,1995.0
南,有电梯,高楼层(共11层),大唐盛世花园,802,2室2厅,1100.0,浦东,精装,100.73,1995.0
南,有电梯,中楼层(共16层),歌林春天馨园,803,2室2厅,755.0,闸北,精装,100.85,1995.0
南,,高楼层(共34层),中环和乐苑,804,2室1厅,420.0,杨浦,简装,64.58,1995.0
南北,有电梯,高楼层(共21层),绿地海珀黄浦,805,3室2厅,1350.0,黄浦,精装,104.59,1995.0
南,无电梯,高楼层(共6层),川杨新苑(四期),806,2室2厅,350.0,浦东,简装,87.69,1995.0
南,有电梯,中楼层(共25层),日月星辰,807,2室2厅,750.0,普陀,精装,97.35,1995.0
南,无电梯,中楼层(共6层),丰庄十四街坊,808,2室1厅,280.0,嘉定,简装,65.58,1995.0
南北,有电梯,低楼层(共18层),绿地世纪城(二期),809,2室2厅,758.0,普陀,精装,93.83,1995.0
南,,中楼层(共17层),崧泽华城佳福雅苑,810,2室1厅,210.0,青浦,精装,74.54,1995.0
南,无电梯,高楼层(共6层),羽北小区,811,2室1厅,568.0,浦东,精装,69.88,1995.0
南,无电梯,高楼层(共6层),和平小区(徐汇),812,2室1厅,330.0,徐汇,其他,66.18,1995.0
南,无电梯,高楼层(共6层),当代高邸,813,2室1厅,348.0,宝山,其他,68.4,1995.0
南北,有电梯,中楼层(共26层),绿地世纪城(二期),814,3室2厅,878.0,普陀,精装,115.64,1995.0
南北,有电梯,中楼层(共26层),公馆77,815,3室2厅,1950.0,黄浦,精装,174.97,1995.0
南,无电梯,高楼层(共6层),金杨七街坊,816,2室1厅,295.0,浦东,简装,65.44,1995.0
南,无电梯,高楼层(共5层),控江路740弄,817,2室0厅,245.0,杨浦,简装,46.68,1995.0
南,无电梯,中楼层(共6层),芙蓉小区,818,3室1厅,399.0,长宁,简装,65.1,1995.0
南,,中楼层(共11层),绿地时代嘉苑,819,3室2厅,255.0,青浦,毛坯,103.31,1995.0
南,无电梯,高楼层(共6层),佳虹小区,820,2室1厅,309.0,浦东,简装,71.84,1995.0
南,无电梯,高楼层(共6层),古美一村,821,3室1厅,420.0,闵行,毛坯,83.12,1995.0
南北,有电梯,低楼层(共11层),阳城贵都,822,2室2厅,625.0,上海周边,精装,97.45,1995.0
南,有电梯,中楼层(共8层),佳宝新村,823,2室1厅,298.0,闵行,其他,64.55,1995.0
南,有电梯,高楼层(共24层),静安河滨花园,824,3室2厅,1150.0,静安,精装,143.33,1995.0
南,有电梯,低楼层(共18层),摩登堂,825,3室2厅,640.0,闵行,精装,91.77,1995.0
南北,有电梯,中楼层(共11层),银河新都,826,2室2厅,348.0,闵行,简装,76.88,1995.0
南,有电梯,高楼层(共31层),慧芝湖花园,827,3室2厅,1280.0,闸北,精装,141.3,1995.0
南,有电梯,低楼层(共34层),绿地世纪城(一期),828,3室2厅,898.0,普陀,精装,109.51,1995.0
南,无电梯,低楼层(共6层),长海一村,829,2室1厅,325.0,杨浦,简装,63.58,1995.0
南,无电梯,高楼层(共6层),中化新村,830,2室0厅,350.0,普陀,简装,50.98,1995.0
南,无电梯,中楼层(共6层),滨江雅苑,831,2室2厅,498.0,宝山,其他,92.7,1995.0
南北,有电梯,中楼层(共21层),安源小区,832,3室1厅,543.0,闸北,简装,93.89,1995.0
南,有电梯,低楼层(共7层),大华颐和华城(公寓),833,2室2厅,535.0,普陀,精装,98.66,1995.0
南,有电梯,高楼层(共18层),旭辉华庭,834,2室2厅,278.0,嘉定,精装,74.94,1995.0
南,无电梯,高楼层(共6层),水霞小区,835,2室1厅,375.0,长宁,精装,54.42,1995.0
东南,无电梯,中楼层(共6层),爱建小区,836,2室1厅,340.0,长宁,简装,52,1995.0
南,无电梯,中楼层(共7层),宛平南路65弄,837,2室0厅,370.0,徐汇,简装,51.32,1995.0
南,有电梯,低楼层(共12层),江虹花园,838,4室2厅,495.0,松江,精装,158.7,1995.0
南,无电梯,中楼层(共6层),南华二村(嘉定),839,2室2厅,270.0,嘉定,精装,78.41,1995.0
南,无电梯,高楼层(共6层),国顺路300弄,840,2室0厅,308.0,杨浦,简装,50.96,1995.0
南,有电梯,中楼层(共14层),紫晶苑,841,1室2厅,275.0,浦东,其他,60.89,1995.0
南,有电梯,低楼层(共13层),四季晶园,842,2室2厅,859.0,长宁,精装,111.74,1995.0
南,无电梯,高楼层(共6层),红梅小区(嘉定),843,2室1厅,158.0,嘉定,其他,64.6,1995.0
南,有电梯,高楼层(共16层),绿地崴廉公寓,844,2室2厅,515.0,浦东,精装,99.49,1995.0
南北,无电梯,低楼层(共6层),德州三村,845,2室1厅,265.0,浦东,简装,49.69,1995.0
南,,低楼层(共32层),冠浦花园,846,3室2厅,935.0,黄浦,简装,152.13,1995.0
南,有电梯,高楼层(共39层),瑞虹新城(一期),847,2室2厅,760.0,虹口,简装,96.11,1995.0
南,有电梯,中楼层(共13层),城市经典(四期),848,2室2厅,690.0,浦东,其他,105.73,1995.0
南北,有电梯,中楼层(共7层),聚缘北庭,849,2室1厅,210.0,闵行,毛坯,75.04,1995.0
南北,无电梯,高楼层(共5层),浦江世博家园九街坊,850,2室2厅,290.0,闵行,毛坯,75.43,1995.0
南,有电梯,高楼层(共24层),金鹏花园,851,3室1厅,638.0,杨浦,简装,101.17,1995.0
南,无电梯,高楼层(共6层),泰宝华庭(公寓),852,4室2厅,1560.0,杨浦,精装,180,1995.0
西南,有电梯,中楼层(共29层),三和花园,853,3室2厅,965.0,静安,简装,126.24,1995.0
南,有电梯,高楼层(共13层),广洋新景苑(公寓),854,3室2厅,1280.0,浦东,毛坯,149.3,1995.0
西南,有电梯,中楼层(共17层),同济融创玫瑰公馆,855,1室1厅,365.0,闵行,精装,64.07,1995.0
南北,有电梯,高楼层(共16层),红旗教师公寓,856,2室2厅,560.0,徐汇,简装,71.05,1995.0
南,有电梯,低楼层(共11层),汇秀景苑二街坊,857,1室1厅,152.0,闵行,精装,55.9,1995.0
西南,有电梯,中楼层(共29层),三九大厦,858,2室1厅,465.0,虹口,精装,98.09,1995.0
南,无电梯,中楼层(共6层),金台三居,859,2室1厅,378.0,浦东,精装,73.43,1995.0
南,无电梯,中楼层(共7层),张家浜小区,860,1室0厅,226.0,杨浦,简装,36.92,1995.0
南,有电梯,低楼层(共16层),阳光园(二期)(三期),861,3室2厅,290.0,奉贤,精装,142.45,1995.0
南,,低楼层(共24层),星晓家园,862,3室2厅,410.0,浦东,精装,113.43,1995.0
南,有电梯,中楼层(共8层),思南公馆,863,3室2厅,3400.0,黄浦,精装,212,1995.0
东,无电梯,低楼层(共7层),双阳一村,864,1室1厅,240.0,杨浦,精装,47.17,1995.0
南,有电梯,低楼层(共25层),远中风华园(公寓),865,1室2厅,795.0,静安,精装,73.67,1995.0
南,有电梯,低楼层(共7层),南国花园,866,4室2厅,580.0,闵行,精装,137.21,1995.0
南,有电梯,中楼层(共11层),证大家园(一期),867,2室2厅,670.0,浦东,精装,89.47,1995.0
南,无电梯,中楼层(共6层),莘闵花园,868,2室2厅,355.0,闵行,精装,98.1,1995.0
南,有电梯,高楼层(共22层),阳光四季公寓,869,3室2厅,1588.0,徐汇,简装,182.39,1995.0
南,无电梯,中楼层(共6层),建设公寓,870,3室2厅,650.0,杨浦,精装,129.38,1995.0
南西南,,低楼层(共29层),金桥花园,871,3室2厅,810.0,长宁,精装,106.83,1995.0
南北,无电梯,高楼层(共7层),三皇桥小区,872,3室2厅,277.0,嘉定,简装,123,1995.0
南,有电梯,高楼层(共31层),仁恒滨江园,873,2室2厅,1350.0,浦东,简装,118.57,1995.0
南,有电梯,低楼层(共30层),仁恒河滨城(二期),874,3室2厅,1488.0,浦东,精装,151.86,1995.0
南,有电梯,低楼层(共8层),尚东国际名园,875,3室2厅,1130.0,浦东,精装,135.28,1995.0
南,有电梯,高楼层(共18层),华丽家族花园,876,5室3厅,2900.0,浦东,精装,300.03,1995.0
189.7平米,,3层2005年建板楼),万科蓝山,877,联排别墅,1260.0,浦东,南,4室3厅,
南,有电梯,低楼层(共43层),盛大金磐,878,3室2厅,2300.0,浦东,精装,194.43,1995.0
南,有电梯,中楼层(共8层),海怡别墅(公寓),879,4室2厅,1450.0,浦东,其他,204.89,1995.0
南,有电梯,中楼层(共8层),沙田花园,880,2室2厅,695.0,普陀,精装,87.46,1995.0
南北,有电梯,中楼层(共14层),中房樱桃苑,881,3室2厅,950.0,浦东,精装,134.21,1995.0
南,无电梯,高楼层(共6层),华唐苑,882,3室2厅,435.0,闵行,简装,112,1995.0
南,有电梯,低楼层(共17层),中环国际公寓(二期),883,2室2厅,480.0,宝山,毛坯,82.98,1995.0
南,无电梯,低楼层(共6层),静安新城二区,884,2室1厅,370.0,闵行,精装,65.02,1995.0
南,无电梯,低楼层(共6层),虹仙小区,885,1室1厅,260.0,长宁,简装,48.12,1995.0
东南,无电梯,中楼层(共6层),管弄四街坊,886,1室1厅,235.0,普陀,简装,42.39,1995.0
南北,无电梯,高楼层(共6层),共富四村,887,2室2厅,336.0,宝山,精装,88.48,1995.0
南,有电梯,高楼层(共12层),海棠苑,888,3室2厅,750.0,普陀,精装,140.62,1995.0
南,无电梯,中楼层(共6层),茶陵小区,889,2室1厅,455.0,徐汇,精装,64.45,1995.0
南,有电梯,低楼层(共12层),东泉苑小区,890,2室1厅,360.0,普陀,精装,66.29,1995.0
西南,有电梯,低楼层(共30层),国信世纪海景,891,3室2厅,1920.0,浦东,精装,196.42,1995.0
南,有电梯,低楼层(共14层),绿庭尚城,892,4室2厅,555.0,松江,其他,123.32,1995.0
南,有电梯,中楼层(共18层),星纳家园,893,1室1厅,200.0,浦东,毛坯,52,1995.0
南,,中楼层(共18层),开元地中海,894,1室1厅,135.0,松江,精装,43.63,1995.0
南北,有电梯,高楼层(共30层),仁恒河滨城(二期),895,3室2厅,1295.0,浦东,精装,151.86,1995.0
南,有电梯,高楼层(共18层),海逸公寓,896,3室2厅,939.0,长宁,精装,132.42,1995.0
南,无电梯,高楼层(共6层),上钢十村,897,2室1厅,260.0,浦东,其他,52.01,1995.0
南,无电梯,中楼层(共6层),吉浦路615弄,898,2室1厅,265.0,宝山,其他,62.79,1995.0
南,无电梯,高楼层(共6层),普乐三村,899,1室1厅,180.0,闵行,简装,46.57,1995.0
南北,有电梯,低楼层(共12层),明日新苑,900,2室2厅,385.0,嘉定,简装,89.35,1995.0
南,无电梯,高楼层(共6层),保德路1213弄,901,2室1厅,315.0,闸北,简装,71.03,1995.0
南,无电梯,高楼层(共6层),银都新村(1至7区),902,2室1厅,262.0,闵行,精装,67.04,1995.0
南,无电梯,中楼层(共6层),南杨花园,903,2室1厅,440.0,浦东,简装,81.32,1995.0
南,无电梯,低楼层(共6层),玉兰小区,904,2室1厅,295.0,浦东,毛坯,65.79,1995.0
南,有电梯,中楼层(共22层),卫茂大厦,905,2室1厅,590.0,闸北,精装,88.78,1995.0
南,无电梯,低楼层(共6层),黄山始信苑,906,2室1厅,625.0,浦东,精装,82.22,1995.0
南,无电梯,低楼层(共6层),由由五村,907,2室1厅,355.0,浦东,简装,66.7,1995.0
南,有电梯,中楼层(共8层),经纬阳光水岸家园(一期),908,1室1厅,318.0,宝山,精装,60.79,1995.0
南,有电梯,高楼层(共13层),茉莉雅苑,909,2室1厅,219.8,松江,精装,72.26,1995.0
南,无电梯,中楼层(共6层),白杨小区,910,2室2厅,440.0,浦东,精装,88.53,1995.0
南,有电梯,低楼层(共11层),证大家园(三期),911,2室2厅,750.0,浦东,简装,103.14,1995.0
东南,无电梯,高楼层(共6层),许昌路1430号,912,2室0厅,210.0,杨浦,简装,44.59,1995.0
南,无电梯,高楼层(共6层),铁路新村(杨浦),913,2室1厅,325.0,杨浦,简装,53.16,1995.0
南,无电梯,高楼层(共5层),绿地公寓(长宁),914,3室2厅,810.0,长宁,精装,128.52,1995.0
东南,有电梯,低楼层(共18层),万里真金苑,915,3室2厅,740.0,普陀,精装,157,1995.0
南,无电梯,高楼层(共6层),海高二村,916,2室1厅,185.0,浦东,简装,54,1995.0
南,有电梯,低楼层(共11层),平阳苑,917,2室2厅,548.0,闵行,精装,92.89,1995.0
西南,有电梯,中楼层(共38层),爱俪轩,918,1室1厅,640.0,静安,精装,83.72,1995.0
南,无电梯,高楼层(共6层),世界路117弄,919,1室1厅,315.0,杨浦,精装,55.92,1995.0
南,无电梯,中楼层(共6层),古华B区,920,2室1厅,168.0,奉贤,精装,67.43,1995.0
南,有电梯,高楼层(共33层),汇龙新城,921,3室2厅,1370.0,黄浦,简装,145.83,1995.0
南,无电梯,中楼层(共6层),银桥花园,922,2室1厅,260.0,闵行,精装,72,1995.0
南,有电梯,中楼层(共8层),万科新里程,923,3室2厅,910.0,浦东,其他,113.75,1995.0
南,有电梯,低楼层(共14层),新凯城锦昌苑,924,2室1厅,188.0,松江,毛坯,67.19,1995.0
南,无电梯,低楼层(共6层),宝菊新家园,925,1室1厅,195.0,嘉定,其他,58.3,1995.0
南,有电梯,中楼层(共33层),和源名城,926,2室2厅,420.0,闸北,精装,77.8,1995.0
南北,有电梯,高楼层(共27层),盘古天地,927,3室2厅,320.0,嘉定,毛坯,89.84,1995.0
南,无电梯,中楼层(共5层),景江苑C区,928,2室2厅,345.0,闵行,精装,96.53,1995.0
南,有电梯,中楼层(共26层),爱家亚洲花园,929,3室2厅,930.0,浦东,精装,139.55,1995.0
南,无电梯,低楼层(共7层),市政馨苑,930,2室1厅,450.0,普陀,精装,74.93,1995.0
南,无电梯,低楼层(共6层),万登花苑,931,2室2厅,610.0,杨浦,毛坯,88.65,1995.0
南,无电梯,高楼层(共6层),鹏海小区,932,2室1厅,316.0,浦东,简装,61.07,1995.0
西南,有电梯,低楼层(共34层),中远两湾城,933,1室2厅,520.0,普陀,其他,63.14,1995.0
南,有电梯,低楼层(共12层),安居金祁新城,934,2室1厅,315.0,普陀,精装,70.12,1995.0
南,无电梯,低楼层(共6层),家乐苑,935,2室1厅,360.0,徐汇,简装,66.99,1995.0
南北,无电梯,中楼层(共5层),中虹华苑,936,2室2厅,298.0,嘉定,其他,76.79,1995.0
南北,无电梯,高楼层(共6层),滨浦新苑四村,937,2室2厅,275.0,闵行,简装,75.9,1995.0
南,无电梯,低楼层(共6层),临汾花园,938,2室1厅,320.0,闸北,简装,71.91,1995.0
南,有电梯,低楼层(共12层),新梅广场,939,2室2厅,520.0,闵行,简装,112.6,1995.0
南,无电梯,中楼层(共5层),曹杨三村(兰岭园),940,1室1厅,235.0,普陀,精装,48.81,1995.0
东南,有电梯,低楼层(共22层),福苑小区,941,2室1厅,410.0,徐汇,简装,70.78,1995.0
南,有电梯,低楼层(共16层),达安花园,942,3室2厅,1200.0,静安,精装,140.19,1995.0
南北,有电梯,低楼层(共28层),江南名庐,943,3室1厅,1175.0,普陀,简装,146.53,1995.0
南北,无电梯,高楼层(共4层),浦江世博家园八街坊,944,2室1厅,320.0,闵行,简装,76.59,1995.0
南,有电梯,中楼层(共26层),海珀旭晖酒店式公寓,945,2室2厅,703.0,徐汇,精装,92.97,1995.0
南,有电梯,中楼层(共26层),华敏世纪广场,946,3室2厅,1000.0,长宁,简装,138.72,1995.0
东,有电梯,中楼层(共17层),世纪花苑,947,3室2厅,660.0,闸北,精装,139.29,1995.0
南北,有电梯,高楼层(共31层),汇丽花园,948,3室2厅,980.0,普陀,精装,129.13,1995.0
南,有电梯,中楼层(共27层),融创滨江壹号院,949,3室2厅,2350.0,黄浦,精装,238.93,1995.0
南,,低楼层(共7层),又一村(静安),950,1室0厅,368.0,静安,精装,31.84,1995.0
南北,有电梯,低楼层(共17层),宝华城市花园,951,5室2厅,1260.0,虹口,精装,161.85,1995.0
南,无电梯,高楼层(共6层),三林世博家园(大道站路94弄),952,3室2厅,489.0,浦东,精装,113.37,1995.0
南,有电梯,低楼层(共8层),银泰花园(公寓),953,3室2厅,950.0,浦东,精装,113.16,1995.0
南北,有电梯,高楼层(共14层),保利湖畔阳光苑,954,3室2厅,480.0,嘉定,毛坯,141.58,1995.0
南,无电梯,高楼层(共6层),长虹小区,955,1室1厅,295.0,长宁,其他,55.17,1995.0
南,有电梯,低楼层(共18层),浦东星河湾,956,4室3厅,2400.0,浦东,精装,242.81,1995.0
南北,有电梯,中楼层(共13层),北平家园,957,2室1厅,640.0,长宁,精装,89.65,1995.0
西北,有电梯,高楼层(共21层),长新大楼,958,2室0厅,430.0,黄浦,简装,53.21,1995.0
南,无电梯,中楼层(共6层),嘉宝公寓,959,3室2厅,390.0,嘉定,精装,133.96,1995.0
南,有电梯,高楼层(共29层),上海星河湾,960,3室2厅,1500.0,闵行,其他,240,1995.0
南北,有电梯,低楼层(共14层),临汾名城,961,2室2厅,550.0,闸北,简装,107.58,1995.0
南,无电梯,中楼层(共6层),嘉骏花苑,962,2室2厅,415.0,宝山,精装,81.21,1995.0
南,无电梯,中楼层(共6层),民乐小区,963,2室2厅,273.0,松江,简装,84.79,1995.0
南,有电梯,高楼层(共32层),保利天鹅语,964,2室2厅,326.0,嘉定,精装,91.96,1995.0
南北,无电梯,高楼层(共4层),华润佘山九里,965,5室2厅,1250.0,松江,精装,288,1995.0
西北,有电梯,中楼层(共39层),虹桥中山广场,966,3室2厅,890.0,长宁,简装,143.25,1995.0
南北,有电梯,高楼层(共33层),静安城,967,3室1厅,960.0,静安,精装,134,1995.0
南,有电梯,低楼层(共16层),三花现代城(一期丹桂苑),968,1室1厅,349.0,宝山,精装,58.73,1995.0
南,有电梯,高楼层(共29层),望江苑,969,3室2厅,1250.0,黄浦,精装,154.47,1995.0
南北,无电梯,中楼层(共4层),东苑利景花苑,970,3室2厅,635.0,闵行,精装,106.46,1995.0
南北,有电梯,低楼层(共18层),爱家亚洲花园,971,3室2厅,850.0,浦东,精装,123.6,1995.0
南,无电梯,高楼层(共6层),江南星城,972,3室2厅,680.0,闵行,精装,120.29,1995.0
南,无电梯,高楼层(共6层),康桥干部村,973,2室1厅,240.0,浦东,简装,71,1995.0
南,无电梯,高楼层(共6层),丰舍东苑,974,3室2厅,450.0,浦东,毛坯,119.75,1995.0
南,有电梯,20层2006年建板楼),远中风华园(公寓),975,2室2厅,1330.0,静安,精装,118.53,
南,有电梯,中楼层(共25层),翠湖天地雅苑,976,3室2厅,2400.0,黄浦,精装,190,1995.0
南,有电梯,低楼层(共18层),合生城邦四街坊,977,2室2厅,365.0,闵行,精装,101.09,1995.0
南,无电梯,高楼层(共6层),鑫港苑,978,1室1厅,230.0,浦东,精装,58.14,1995.0
南,有电梯,高楼层(共18层),欣安基公寓,979,2室2厅,1150.0,黄浦,简装,96.77,1995.0
南,有电梯,高楼层(共14层),海派青城,980,2室1厅,230.0,松江,精装,77.11,1995.0
南,有电梯,高楼层(共14层),鎏园,981,2室2厅,515.0,宝山,精装,92.92,1995.0
南北,无电梯,中楼层(共6层),逸仙华庭,982,2室2厅,530.0,宝山,精装,87.7,1995.0
南,无电梯,中楼层(共6层),王家堂小区,983,1室1厅,328.0,徐汇,毛坯,35.29,1995.0
南,无电梯,高楼层(共6层),淞南老五村,984,2室1厅,285.0,宝山,精装,62.95,1995.0
南,有电梯,中楼层(共6层),鞍山四村第一小区,985,1室1厅,250.0,杨浦,简装,37.32,1995.0
西,有电梯,高楼层(共28层),云海苑,986,4室2厅,2600.0,静安,精装,290.4,1995.0
南,,中楼层(共11层),绿地时代嘉苑,987,3室2厅,218.0,青浦,毛坯,103.31,1995.0
暂无数据,无电梯,高楼层(共6层),华唐苑,988,2室2厅,360.0,闵行,简装,89.01,1995.0
南,有电梯,高楼层(共18层),园南二村,989,3室2厅,510.0,徐汇,精装,84.27,1995.0
南,有电梯,低楼层(共28层),东淮海公寓,990,2室2厅,1139.0,黄浦,精装,118.69,1995.0
南北,有电梯,高楼层(共11层),君莲新城广润苑,991,3室2厅,436.0,闵行,精装,102.89,1995.0
南,有电梯,中楼层(共40层),兆丰花园,992,2室2厅,830.0,长宁,精装,130.28,1995.0
南,有电梯,低楼层(共17层),天际蓝桥,993,3室2厅,565.0,嘉定,简装,122,1995.0
暂无数据,无电梯,高楼层(共7层),丽景新苑,994,3室2厅,450.0,嘉定,简装,108.88,1995.0
南,无电梯,高楼层(共6层),金桂小区,995,3室1厅,640.0,浦东,毛坯,88.44,1995.0
南,无电梯,中楼层(共5层),九华苑,996,2室2厅,232.0,奉贤,简装,87.5,1995.0
南,无电梯,高楼层(共6层),丰三小区,997,2室2厅,425.0,徐汇,精装,68.03,1995.0
南,有电梯,低楼层(共18层),三和花园,998,2室2厅,930.0,静安,精装,105.85,1995.0
南,有电梯,高楼层(共20层),铂庭俱进家园,999,2室2厅,470.0,浦东,毛坯,90.51,1995.0
南北,有电梯,高楼层(共12层),浦江智汇园,1000,3室1厅,390.0,闵行,精装,81,1995.0
南,无电梯,高楼层(共6层),金泽苑,1001,1室2厅,345.0,浦东,精装,62.13,1995.0
南,无电梯,中楼层(共7层),静安新城四区,1002,2室1厅,340.0,闵行,简装,64.61,1995.0
南北,有电梯,高楼层(共16层),城中花园,1003,3室2厅,510.0,浦东,精装,143,1995.0
南,有电梯,低楼层(共13层),上海绿城,1004,3室2厅,1198.0,浦东,简装,138.77,1995.0
南,有电梯,低楼层(共11层),静安新城七区,1005,2室2厅,575.0,闵行,简装,89.72,1995.0
南,无电梯,中楼层(共5层),朗诗未来街区,1006,3室2厅,235.0,奉贤,其他,77.61,1995.0
东南,,低楼层(共22层),曹杨四村(兰花大楼),1007,2室1厅,395.0,普陀,简装,70.15,1995.0
南北,无电梯,中楼层(共5层),朗诗未来街区,1008,3室2厅,235.0,奉贤,其他,77.67,1995.0
南,无电梯,中楼层(共6层),城东新村,1009,3室1厅,188.0,青浦,简装,65.97,1995.0
南,无电梯,高楼层(共6层),航华二村嘉丰公寓,1010,2室1厅,309.0,闵行,简装,76.73,1995.0
东南,有电梯,高楼层(共20层),瑞金花园,1011,2室2厅,830.0,黄浦,简装,104.18,1995.0
南,无电梯,高楼层(共6层),民春苑,1012,3室1厅,275.0,浦东,毛坯,85.85,1995.0
南,有电梯,高楼层(共7层),宏苑小区,1013,2室1厅,480.0,虹口,毛坯,92.14,1995.0
南,有电梯,低楼层(共11层),绿地南桥新苑,1014,2室1厅,250.0,奉贤,简装,70.54,1995.0
南,有电梯,低楼层(共27层),广汇花苑,1015,3室2厅,800.0,徐汇,简装,147.02,1995.0
南,无电梯,高楼层(共6层),罗秀三村,1016,2室0厅,230.0,徐汇,简装,48.97,1995.0
南,有电梯,低楼层(共18层),城市庭园,1017,2室1厅,515.0,杨浦,精装,91,1995.0
南,无电梯,中楼层(共4层),奥林匹克花园,1018,2室2厅,365.0,松江,精装,89.6,1995.0
南,无电梯,中楼层(共6层),柳营路1025弄,1019,1室1厅,275.0,闸北,简装,46.33,1995.0
南北,有电梯,高楼层(共32层),思南新苑,1020,3室2厅,1750.0,黄浦,精装,177.53,1995.0
南,有电梯,高楼层(共16层),万邦都市花园,1021,1室1厅,520.0,浦东,精装,61.75,1995.0
南,无电梯,低楼层(共5层),上南九村,1022,1室1厅,197.0,浦东,其他,35.31,1995.0
南,有电梯,中楼层(共11层),成亿宝盛家苑,1023,2室2厅,328.0,宝山,精装,96.65,1995.0
南,无电梯,低楼层(共6层),普康苑,1024,3室2厅,350.0,奉贤,其他,155,1995.0
南,无电梯,低楼层(共6层),茂盛城市花园,1025,2室1厅,495.0,闵行,其他,67,1995.0
南,有电梯,低楼层(共32层),菊园,1026,3室2厅,1200.0,浦东,其他,153.18,1995.0
南,无电梯,低楼层(共6层),东方丽都,1027,2室2厅,335.0,宝山,毛坯,92.61,1995.0
南,有电梯,低楼层(共18层),沁春园三村,1028,2室1厅,405.0,闵行,其他,90.04,1995.0
南北,有电梯,高楼层(共13层),大宅风范城,1029,3室1厅,456.0,嘉定,精装,95.23,1995.0
南,无电梯,中楼层(共6层),凯达苑,1030,2室1厅,520.0,杨浦,精装,84.56,1995.0
南,有电梯,中楼层(共9层),莘城公寓,1031,2室2厅,595.0,闵行,精装,121.04,1995.0
南,无电梯,低楼层(共6层),静安新城三区,1032,2室1厅,410.0,闵行,简装,70,1995.0
东南,有电梯,低楼层(共35层),溧阳华府(公寓),1033,2室2厅,798.0,虹口,精装,112.66,1995.0
南,有电梯,中楼层(共29层),望江苑,1034,2室1厅,880.0,黄浦,精装,99.75,1995.0
南,有电梯,高楼层(共16层),东渡青筑,1035,3室1厅,300.0,青浦,简装,97,1995.0
南,无电梯,高楼层(共6层),枫泽苑,1036,2室2厅,349.0,闵行,精装,93.44,1995.0
南,有电梯,低楼层(共14层),翔殷大楼,1037,2室1厅,365.0,杨浦,简装,68.42,1995.0
南,无电梯,低楼层(共4层),丽泽兰馨苑,1038,3室2厅,155.0,浦东,毛坯,102.9,1995.0
南北,有电梯,低楼层(共14层),菊泉新城(菊泉街39弄),1039,2室1厅,270.0,宝山,其他,75.38,1995.0
南北,,高楼层(共18层),新丰公寓,1040,2室2厅,227.0,青浦,毛坯,77,1995.0
南,无电梯,低楼层(共5层),金燕家苑,1041,2室2厅,540.0,浦东,精装,86.91,1995.0
南,有电梯,中楼层(共28层),日月星辰,1042,2室2厅,635.0,普陀,简装,98.02,1995.0
南北,有电梯,中楼层(共11层),三林新村(永泰路468弄),1043,2室1厅,387.0,浦东,精装,71.77,1995.0
南北,有电梯,高楼层(共14层),马陆清水湾,1044,2室2厅,310.0,嘉定,精装,90.82,1995.0
南北,有电梯,低楼层(共11层),浦江宝邸北区,1045,3室2厅,365.0,闵行,精装,119.9,1995.0
南,有电梯,低楼层(共13层),中星馨恒苑,1046,4室2厅,1010.0,上海周边,其他,176.36,1995.0
南,无电梯,低楼层(共6层),广裕小区,1047,2室1厅,395.0,虹口,精装,76.1,1995.0
南,有电梯,中楼层(共27层),静安城,1048,3室2厅,840.0,静安,精装,114.81,1995.0
南北,,低楼层(共30层),士韵家园,1049,2室2厅,400.0,浦东,精装,80.56,1995.0
南北,有电梯,高楼层(共9层),聚缘南庭,1050,2室2厅,205.0,闵行,精装,74.56,1995.0
南,无电梯,低楼层(共6层),慧华东苑,1051,2室2厅,340.0,宝山,简装,81.98,1995.0
西南,有电梯,高楼层(共21层),四方新城,1052,2室2厅,1050.0,静安,精装,112.82,1995.0
南北,无电梯,低楼层(共6层),景舒苑六村,1053,2室1厅,260.0,闵行,精装,72.96,1995.0
南,有电梯,中楼层(共16层),贝尚湾(公寓),1054,1室2厅,358.0,松江,精装,66.55,1995.0
南,有电梯,高楼层(共26层),爱家豪庭,1055,1室2厅,650.0,虹口,精装,79.1,1995.0
南北,无电梯,高楼层(共6层),金帝城市岸泊(公寓),1056,2室2厅,288.0,嘉定,精装,85.88,1995.0
南北,有电梯,低楼层(共15层),绿地新江桥城,1057,2室2厅,290.0,嘉定,其他,77.2,1995.0
东,有电梯,高楼层(共20层),蓬莱花苑,1058,3室3厅,1100.0,黄浦,精装,194.69,1995.0
西,有电梯,低楼层(共33层),仁恒滨江园,1059,3室1厅,1550.0,浦东,简装,165.76,1995.0
南,无电梯,中楼层(共5层),新虹桥明珠花园,1060,4室2厅,640.0,青浦,其他,181.94,1995.0
南,无电梯,中楼层(共6层),静安新城五区,1061,2室1厅,380.0,闵行,简装,67.08,1995.0
南,有电梯,中楼层(共18层),万科清林径,1062,3室2厅,330.0,浦东,精装,96.11,1995.0
南,有电梯,低楼层(共14层),布鲁斯小镇(二期),1063,3室2厅,253.0,浦东,毛坯,98.61,1995.0
南北,无电梯,低楼层(共6层),泗塘四村,1064,1室1厅,165.0,宝山,其他,41.03,1995.0
南,无电梯,低楼层(共6层),何家宅小区,1065,2室1厅,340.0,虹口,精装,59.3,1995.0
南,有电梯,高楼层(共32层),中远两湾城,1066,1室2厅,610.0,普陀,精装,77.32,1995.0
南,有电梯,低楼层(共28层),江南名庐,1067,2室2厅,840.0,普陀,简装,105.9,1995.0
南,有电梯,低楼层(共27层),森林公馆,1068,1室2厅,273.8,嘉定,精装,69.38,1995.0
南,有电梯,高楼层(共13层),知雅园,1069,1室1厅,480.0,长宁,精装,53.89,1995.0
西南,有电梯,低楼层(共33层),新家坡美树馆,1070,3室2厅,1188.0,徐汇,简装,133.69,1995.0
南,,高楼层(共18层),练祁佳苑,1071,1室1厅,205.0,嘉定,精装,64.93,1995.0
南,无电梯,低楼层(共6层),金杨新村九街坊,1072,1室1厅,200.0,浦东,其他,40.19,1995.0
南,无电梯,高楼层(共6层),证大家园(二期),1073,3室2厅,665.0,浦东,精装,98.83,1995.0
南,有电梯,高楼层(共12层),摩卡小城,1074,4室2厅,750.0,松江,精装,184.67,1995.0
南,无电梯,低楼层(共6层),古桐公寓,1075,1室1厅,268.0,浦东,简装,54.52,1995.0
南,无电梯,高楼层(共6层),海江二村,1076,1室1厅,140.0,宝山,简装,40.49,1995.0
南,无电梯,高楼层(共6层),周东二村,1077,3室1厅,305.0,浦东,简装,78.81,1995.0
南,无电梯,高楼层(共6层),东城新村,1078,2室2厅,540.0,浦东,精装,73.07,1995.0
南,无电梯,中楼层(共6层),金桂小区,1079,2室1厅,560.0,浦东,简装,67.08,1995.0
南,无电梯,低楼层(共6层),东方花园(一期),1080,2室2厅,435.0,闵行,精装,81.36,1995.0
南,有电梯,低楼层(共30层),万科翡翠滨江(一期),1081,4室2厅,2300.0,浦东,精装,213,1995.0
南,有电梯,中楼层(共11层),金色西郊城,1082,3室2厅,490.0,闵行,精装,127.41,1995.0
南,无电梯,高楼层(共6层),芳华苑,1083,1室1厅,175.0,浦东,简装,29.43,1995.0
西南,有电梯,高楼层(共33层),海华花园,1084,3室2厅,940.0,黄浦,精装,115.22,1995.0
南,有电梯,低楼层(共11层),成亿宝盛家苑,1085,2室2厅,318.0,宝山,精装,97,1995.0
南,无电梯,低楼层(共6层),新顾村大家园A区,1086,2室2厅,275.0,宝山,简装,75.99,1995.0
南,有电梯,低楼层(共11层),海逸公寓,1087,3室2厅,810.0,长宁,精装,105.6,1995.0
南,有电梯,低楼层(共19层),海珀旭晖,1088,4室2厅,4380.0,徐汇,精装,274.02,1995.0
南,无电梯,低楼层(共6层),潍坊九村,1089,2室2厅,480.0,浦东,精装,47.14,1995.0
南,无电梯,高楼层(共4层),栖山小区,1090,2室1厅,328.0,浦东,其他,54.08,1995.0
南,有电梯,低楼层(共8层),富力桃园(公寓),1091,4室2厅,420.0,青浦,其他,130.88,1995.0
南,无电梯,高楼层(共6层),法华镇路878弄,1092,1室1厅,210.0,长宁,简装,35,1995.0
南,有电梯,26层板楼),绿地海珀玉晖,1093,3室2厅,1350.0,普陀,精装,135,
南北,有电梯,低楼层(共18层),正阳世纪星城英伦风情,1094,3室2厅,399.0,奉贤,精装,141.63,1995.0
南,有电梯,中楼层(共22层),陆家嘴锦绣前城,1095,3室2厅,1150.0,浦东,精装,122.86,1995.0
南,有电梯,高楼层(共12层),金沙嘉苑,1096,2室2厅,520.0,嘉定,精装,103.34,1995.0
南,有电梯,低楼层(共12层),大唐盛世花园,1097,2室2厅,1180.0,浦东,精装,110.87,1995.0
西,有电梯,高楼层(共49层),世茂滨江花园,1098,2室2厅,1330.0,浦东,精装,137.63,1995.0
南北,有电梯,高楼层(共14层),东珂花苑,1099,3室2厅,1000.0,浦东,精装,143.19,1995.0
南,无电梯,中楼层(共5层),浦江世博家园七街坊,1100,3室2厅,415.0,闵行,精装,95.99,1995.0
南,有电梯,低楼层(共33层),绿地世纪城(二期),1101,2室2厅,800.0,普陀,简装,103,1995.0
南北,,高楼层(共30层),华润中央公园(浩翔路98弄),1102,3室2厅,620.0,嘉定,精装,129,1995.0
南,有电梯,高楼层(共18层),冠都公寓,1103,2室2厅,690.0,虹口,精装,111.05,1995.0
南,有电梯,高楼层(共15层),百花公寓,1104,3室2厅,980.0,黄浦,精装,136.88,1995.0
南北,无电梯,中楼层(共6层),新世纪花苑(三期)(浦东),1105,2室2厅,588.0,浦东,精装,97.12,1995.0
南北,,高楼层(共6层),好日子大家园B区,1106,2室1厅,350.0,宝山,其他,75.68,1995.0
南,无电梯,低楼层(共3层),中南新村,1107,3室1厅,1450.0,徐汇,简装,135.16,1995.0
南,无电梯,中楼层(共6层),绿地御桥苑,1108,3室2厅,500.0,浦东,精装,87.28,1995.0
南,无电梯,高楼层(共6层),金都雅苑(公寓),1109,2室2厅,216.0,奉贤,毛坯,84.5,1995.0
南北,,高楼层(共11层),象屿品城,1110,3室2厅,373.0,松江,精装,92,1995.0
南,无电梯,高楼层(共6层),中山北路805弄,1111,2室1厅,310.0,闸北,简装,49.66,1995.0
南北,有电梯,中楼层(共33层),汇峰鼎园,1112,3室2厅,1480.0,徐汇,精装,140.1,1995.0
南,有电梯,高楼层(共24层),天山河畔花园,1113,3室1厅,1330.0,长宁,精装,155.22,1995.0
南,无电梯,低楼层(共6层),新华小区,1114,1室1厅,143.0,闵行,精装,42.28,1995.0
南,无电梯,中楼层(共7层),真源小区,1115,2室1厅,368.0,普陀,精装,66.27,1995.0
南,有电梯,低楼层(共17层),金汇豪庭,1116,4室2厅,1400.0,闵行,简装,238.51,1995.0
南,无电梯,高楼层(共6层),陆家嘴新景园,1117,3室2厅,970.0,浦东,简装,145.92,1995.0
南,有电梯,中楼层(共24层),保利叶上海(一期),1118,2室1厅,345.0,宝山,简装,81.76,1995.0
南,有电梯,高楼层(共18层),印象春城,1119,2室2厅,395.0,浦东,毛坯,89,1995.0
南北,,高楼层(共5层),潼港二村,1120,2室1厅,210.0,浦东,精装,60,1995.0
南北,有电梯,低楼层(共6层),美兰湖中华园,1121,2室1厅,308.0,宝山,精装,87.31,1995.0
暂无数据,有电梯,低楼层(共15层),心圆东苑,1122,2室2厅,306.0,浦东,毛坯,74.57,1995.0
南,无电梯,低楼层(共6层),新乐雅苑,1123,2室2厅,228.0,松江,简装,86.83,1995.0
南,有电梯,低楼层(共13层),新凯城香樟苑,1124,2室1厅,208.0,松江,毛坯,68.02,1995.0
南,有电梯,高楼层(共17层),同济融创玫瑰公馆,1125,2室1厅,485.0,闵行,其他,78.46,1995.0
南,无电梯,高楼层(共6层),潍坊六村,1126,2室1厅,415.0,浦东,精装,46.36,1995.0
南,有电梯,高楼层(共13层),一品漫城(二期),1127,2室2厅,548.0,闵行,其他,89,1995.0
南,无电梯,高楼层(共6层),江海新村,1128,2室2厅,158.0,奉贤,精装,85,1995.0
南,无电梯,中楼层(共6层),昌七小区,1129,1室1厅,220.0,浦东,其他,45.06,1995.0
南,无电梯,低楼层(共6层),淞虹苑,1130,2室1厅,450.0,长宁,简装,74.59,1995.0
南北,有电梯,中楼层(共11层),万顺水原墅(公寓),1131,1室1厅,190.0,闵行,精装,59.6,1995.0
南,,低楼层(共14层),源枫景苑,1132,2室2厅,350.0,闵行,其他,95.44,1995.0
南,无电梯,中楼层(共6层),乾溪新村,1133,1室1厅,220.0,宝山,简装,56.33,1995.0
南,无电梯,低楼层(共6层),文化名园,1134,2室1厅,395.0,杨浦,简装,59.67,1995.0
南,无电梯,高楼层(共6层),万科朗润园,1135,3室2厅,658.0,闵行,精装,129.8,1995.0
南北,,中楼层(共16层),绿地时代嘉苑,1136,2室2厅,215.0,青浦,精装,82.87,1995.0
南北,无电梯,高楼层(共6层),市政馨苑,1137,2室1厅,438.0,普陀,其他,75.37,1995.0
南,有电梯,低楼层(共31层),达安锦园,1138,1室2厅,493.0,静安,简装,57.9,1995.0
南,有电梯,低楼层(共29层),融创滨江壹号院,1139,4室2厅,2649.0,黄浦,精装,218,1995.0
南,无电梯,低楼层(共3层),盈标花园,1140,4室2厅,1680.0,浦东,精装,186,1995.0
南,无电梯,中楼层(共5层),朗诗未来街区,1141,2室2厅,213.9,奉贤,其他,67.8,1995.0
南,有电梯,高楼层(共20层),金桥瑞仕花园,1142,2室2厅,1058.0,浦东,精装,115.2,1995.0
南北,有电梯,低楼层(共32层),耀江国际广场(公寓),1143,3室2厅,1250.0,虹口,精装,162.8,1995.0
南,有电梯,高楼层(共14层),康桥宝邸,1144,2室2厅,318.0,浦东,其他,82.86,1995.0
南,有电梯,低楼层(共30层),仁恒河滨城(二期),1145,3室2厅,1390.0,浦东,精装,150.1,1995.0
南西,无电梯,中楼层(共4层),新浦江城(浦驰路1336弄),1146,3室2厅,800.0,闵行,精装,126.73,1995.0
南,,低楼层(共3层),茸城路2号,1147,3室1厅,260.0,松江,简装,95.58,1995.0
南北,有电梯,低楼层(共13层),大宅风范城,1148,3室2厅,465.0,嘉定,毛坯,120.8,1995.0
东南南,无电梯,高楼层(共6层),海东公寓,1149,1室1厅,270.0,浦东,精装,54.49,1995.0
南,无电梯,中楼层(共6层),御桥花园,1150,2室1厅,395.0,浦东,精装,75.77,1995.0
南北,无电梯,高楼层(共6层),佳虹小区,1151,2室1厅,295.0,浦东,精装,69.32,1995.0
南,有电梯,中楼层(共29层),馨宁公寓,1152,2室1厅,342.0,徐汇,简装,62.44,1995.0
南,无电梯,高楼层(共6层),上海阳城,1153,3室2厅,486.0,闵行,精装,82.48,1995.0
南,有电梯,低楼层(共8层),东泰花苑,1154,3室2厅,1250.0,黄浦,精装,143.65,1995.0
南,有电梯,中楼层(共34层),华侨城(普陀),1155,3室2厅,1580.0,普陀,精装,148.68,1995.0
南,有电梯,中楼层(共32层),西凌新邨,1156,3室2厅,710.0,黄浦,简装,92.94,1995.0
南,有电梯,低楼层(共14层),御桥花园,1157,2室1厅,430.0,浦东,毛坯,92.87,1995.0
南,有电梯,高楼层(共21层),华敏世纪广场,1158,3室2厅,1420.0,长宁,精装,151.53,1995.0
暂无数据,无电梯,低楼层(共6层),中环家园,1159,4室2厅,910.0,普陀,精装,165.75,1995.0
南,无电梯,中楼层(共6层),镇宁路545弄,1160,3室1厅,670.0,长宁,精装,96.5,1995.0
西南,有电梯,低楼层(共8层),沙田花园,1161,3室2厅,850.0,普陀,简装,127.45,1995.0
南北,无电梯,中楼层(共6层),三泉家园,1162,2室2厅,520.0,闸北,简装,91,1995.0
南,无电梯,中楼层(共6层),祁连一村,1163,2室1厅,255.0,宝山,简装,63.54,1995.0
南,无电梯,中楼层(共6层),高昌路105弄,1164,3室1厅,268.0,嘉定,简装,100.08,1995.0
暂无数据,无电梯,高楼层(共6层),双秀北园,1165,5室3厅,510.0,浦东,精装,100,1995.0
南,有电梯,低楼层(共34层),永新花苑,1166,2室2厅,1130.0,徐汇,简装,109.15,1995.0
南,无电梯,高楼层(共6层),三佳花苑,1167,2室1厅,400.0,闵行,其他,65.65,1995.0
南,无电梯,高楼层(共6层),兰花小区,1168,2室1厅,399.0,浦东,简装,60.6,1995.0
南,有电梯,高楼层(共14层),绿地东上海,1169,2室2厅,450.0,浦东,其他,100.48,1995.0
南,无电梯,中楼层(共6层),绿川新苑,1170,1室1厅,241.0,浦东,精装,50.26,1995.0
南,有电梯,中楼层(共28层),黄浦华庭,1171,2室2厅,980.0,黄浦,精装,105.04,1995.0
西北东南,有电梯,低楼层(共24层),兆丰大厦,1172,3室3厅,789.0,长宁,简装,157.89,1995.0
西北,有电梯,中楼层(共34层),和平花苑,1173,2室2厅,638.0,杨浦,其他,90.25,1995.0
南北,有电梯,高楼层(共14层),海尚康庭,1174,2室2厅,260.0,浦东,精装,72.54,1995.0
南北,无电梯,低楼层(共5层),同润玫瑰芳苑,1175,3室2厅,240.0,松江,精装,88.86,1995.0
东北,有电梯,高楼层(共39层),瑞虹新城二期(优贤生活),1176,2室2厅,730.0,虹口,其他,87.38,1995.0
南,无电梯,中楼层(共6层),紫荆三村,1177,2室1厅,233.0,嘉定,简装,83,1995.0
南,有电梯,低楼层(共22层),正阳世纪星城丽骏湾,1178,2室1厅,220.0,奉贤,简装,75.97,1995.0
南,有电梯,中楼层(共14层),聚缘南庭,1179,2室1厅,202.0,闵行,毛坯,73.4,1995.0
南,有电梯,中楼层(共27层),香溢花城(住宅),1180,2室1厅,705.0,普陀,精装,87.6,1995.0
东西,无电梯,中楼层(共4层),景江苑B区,1181,2室2厅,292.0,闵行,精装,74.33,1995.0
南,无电梯,高楼层(共6层),菊泉新城(陆翔路358弄),1182,2室1厅,258.0,宝山,毛坯,71.24,1995.0
南,无电梯,高楼层(共6层),歌林春天馨园,1183,4室2厅,1050.0,闸北,精装,150.42,1995.0
南,有电梯,低楼层(共34层),浩城华苑,1184,2室2厅,860.0,黄浦,精装,97.24,1995.0
南,有电梯,高楼层(共29层),协泰中心,1185,2室1厅,390.0,长宁,简装,119.24,1995.0
南,有电梯,中楼层(共14层),聚缘南庭,1186,1室1厅,166.0,闵行,毛坯,56.18,1995.0
南,有电梯,中楼层(共17层),中轩丽苑,1187,2室2厅,628.0,杨浦,其他,92,1995.0
南,无电梯,中楼层(共6层),申城佳苑,1188,1室1厅,295.0,浦东,其他,60.28,1995.0
南,无电梯,低楼层(共6层),德盈佳园,1189,2室2厅,168.0,浦东,精装,83.06,1995.0
南北,有电梯,高楼层(共14层),荣域飘鹰锦和花园(公寓),1190,2室2厅,340.0,宝山,精装,87.37,1995.0
南,无电梯,高楼层(共6层),海霞佳苑,1191,2室2厅,220.0,浦东,其他,83,1995.0
南北,有电梯,中楼层(共11层),瑞和华苑北区,1192,2室1厅,249.0,闵行,简装,81,1995.0
南,有电梯,中楼层(共14层),幸福小镇,1193,2室1厅,381.0,浦东,毛坯,74.65,1995.0
南,有电梯,低楼层(共38层),嘉里华庭,1194,3室2厅,1250.0,长宁,精装,145.49,1995.0
南,有电梯,低楼层(共18层),汇锦城二期,1195,2室2厅,220.0,浦东,精装,84.23,1995.0
东南,有电梯,中楼层(共31层),和源馨苑,1196,1室2厅,405.0,闸北,简装,64.54,1995.0
南,无电梯,高楼层(共6层),延铁小区,1197,2室1厅,331.0,闸北,简装,48.3,1995.0
南,无电梯,高楼层(共6层),龙吴路11弄,1198,2室1厅,350.0,徐汇,简装,59.38,1995.0
南,有电梯,低楼层(共18层),杉林新月环林东路875弄,1199,2室2厅,435.0,浦东,其他,83.33,1995.0
南,无电梯,中楼层(共5层),荡湾新村,1200,2室1厅,128.0,浦东,简装,53.34,1995.0
南,无电梯,高楼层(共6层),丰庄十二街坊,1201,2室1厅,290.0,嘉定,简装,78.22,1995.0
南,无电梯,高楼层(共6层),由由七村,1202,1室1厅,236.0,浦东,简装,49.7,1995.0
南,有电梯,中楼层(共20层),翠湖天地雅苑,1203,2室2厅,1720.0,黄浦,精装,116.36,1995.0
南,有电梯,低楼层(共12层),华光花园,1204,3室2厅,670.0,闵行,精装,138.5,1995.0
南,有电梯,低楼层(共18层),海上国际花园(一期),1205,2室2厅,670.0,浦东,简装,91.18,1995.0
南,有电梯,中楼层(共34层),汇翠花园,1206,4室2厅,1750.0,徐汇,精装,210.34,1995.0
南,无电梯,高楼层(共6层),共康七村,1207,3室1厅,350.0,宝山,精装,88.44,1995.0
东南南,有电梯,中楼层(共24层),百合花苑,1208,3室2厅,790.0,徐汇,简装,126.04,1995.0
西,有电梯,中楼层(共63层),世茂滨江花园,1209,3室2厅,2020.0,浦东,精装,237.13,1995.0
东南,有电梯,高楼层(共23层),淮海晶华苑,1210,5室2厅,3599.0,黄浦,精装,407.76,1995.0
南,有电梯,低楼层(共17层),地杰国际城F欧香四季,1211,2室2厅,620.0,浦东,精装,92.45,1995.0
南,,低楼层(共29层),翠湖天地隽荟,1212,4室2厅,4650.0,黄浦,精装,288,1995.0
南北,无电梯,高楼层(共6层),奉浦二村,1213,2室2厅,190.0,奉贤,其他,85.6,1995.0
南,无电梯,低楼层(共6层),乾骏园,1214,2室2厅,560.0,徐汇,简装,80,1995.0
南,无电梯,高楼层(共6层),瑞冬小区,1215,2室1厅,285.0,长宁,简装,57.77,1995.0
南,有电梯,低楼层(共18层),象屿大宁悦府,1216,2室2厅,710.0,闸北,精装,89,1995.0
南,无电梯,高楼层(共6层),财大小区,1217,2室1厅,297.0,杨浦,其他,54.1,1995.0
南,有电梯,中楼层(共11层),万科假日风景(公寓),1218,3室2厅,860.0,闵行,精装,138.86,1995.0
南,无电梯,高楼层(共6层),紫薇新村,1219,2室1厅,240.0,闵行,其他,65.02,1995.0
南,无电梯,高楼层(共6层),北茶园,1220,1室1厅,275.0,杨浦,精装,47.29,1995.0
南,无电梯,中楼层(共6层),盛源花园,1221,2室1厅,310.0,闵行,简装,70.92,1995.0
南北,无电梯,高楼层(共6层),凌兆新村(凌兆路396弄),1222,2室1厅,290.0,浦东,精装,64.19,1995.0
南,有电梯,高楼层(共15层),金地未未来,1223,3室2厅,610.0,浦东,精装,86.63,1995.0
南,无电梯,中楼层(共5层),馨乐园,1224,2室2厅,430.0,浦东,精装,83.05,1995.0
南北,,低楼层(共26层),翠湖天地隽荟,1225,4室2厅,6300.0,黄浦,精装,390,1995.0
南,无电梯,高楼层(共5层),康健路25弄,1226,1室1厅,298.0,徐汇,毛坯,39.17,1995.0
南,有电梯,高楼层(共28层),香溢花城(住宅),1227,3室2厅,1380.0,普陀,精装,169.06,1995.0
南,无电梯,低楼层(共6层),延吉二村,1228,1室1厅,215.0,杨浦,精装,32.72,1995.0
南,无电梯,中楼层(共6层),龙南五村,1229,1室1厅,310.0,徐汇,简装,54.1,1995.0
南,无电梯,中楼层(共6层),丽泽荷亭苑,1230,4室2厅,190.0,浦东,毛坯,124.25,1995.0
南北,,低楼层(共18层),同润蓝美俊庭,1231,2室1厅,174.0,浦东,毛坯,87.76,1995.0
南,无电梯,高楼层(共6层),上缝小区,1232,2室1厅,450.0,徐汇,简装,66.59,1995.0
南,无电梯,中楼层(共4层),燎原一村,1233,1室1厅,70.0,奉贤,简装,44.42,1995.0
东南,有电梯,低楼层(共18层),凉城一村,1234,2室1厅,385.0,虹口,简装,74.48,1995.0
南,无电梯,低楼层(共7层),龙南三四村,1235,1室1厅,265.0,徐汇,毛坯,47.78,1995.0
南西,有电梯,高楼层(共25层),雁荡大厦,1236,2室2厅,1150.0,黄浦,精装,101,1995.0
南,无电梯,低楼层(共6层),汇龙公寓,1237,3室1厅,280.0,嘉定,简装,91.72,1995.0
南,无电梯,高楼层(共6层),市光三村,1238,2室1厅,270.0,杨浦,毛坯,65,1995.0
东南,有电梯,高楼层(共33层),家化滨江苑,1239,3室2厅,1970.0,浦东,简装,206.39,1995.0
南,有电梯,高楼层(共14层),象屿都城,1240,3室2厅,430.0,松江,精装,111.59,1995.0
南,无电梯,低楼层(共6层),锦绣苑,1241,3室2厅,880.0,浦东,简装,135.48,1995.0
西,有电梯,高楼层(共30层),嘉华苑(普陀),1242,2室2厅,495.0,普陀,简装,97.01,1995.0
南,,高楼层(共7层),北市场小区,1243,2室1厅,410.0,闸北,精装,61.07,1995.0
南,无电梯,低楼层(共6层),蓝天苑,1244,2室2厅,267.9,奉贤,毛坯,97.43,1995.0
南,无电梯,高楼层(共6层),金梅园,1245,2室1厅,345.0,普陀,简装,60.92,1995.0
南,无电梯,低楼层(共6层),汤巷馨村(二期),1246,3室2厅,400.0,浦东,其他,107.8,1995.0
南,有电梯,中楼层(共18层),合生城邦四街坊,1247,2室2厅,390.0,闵行,精装,99.35,1995.0
南,有电梯,中楼层(共8层),太子公寓,1248,3室2厅,780.0,长宁,毛坯,99.25,1995.0
南北,有电梯,低楼层(共18层),合生城邦四街坊,1249,2室2厅,368.0,闵行,精装,90.18,1995.0
南,,中楼层(共16层),上海派,1250,3室2厅,280.0,嘉定,毛坯,88.87,1995.0
南北,无电梯,高楼层(共6层),峨山小区,1251,2室1厅,290.0,浦东,精装,45.77,1995.0
南,有电梯,低楼层(共11层),蓝色城邦(公寓),1252,2室2厅,172.0,浦东,简装,88.3,1995.0
东南,有电梯,中楼层(共25层),仁恒广场,1253,3室2厅,798.0,浦东,其他,137.09,1995.0
南,有电梯,低楼层(共28层),仙都绿苑,1254,1室2厅,370.0,浦东,精装,73.08,1995.0
南,无电梯,低楼层(共6层),东苑绿世界花园(三期),1255,2室2厅,510.0,闵行,精装,85.39,1995.0
南北,无电梯,高楼层(共6层),樱花小区,1256,3室2厅,285.0,嘉定,精装,109.52,1995.0
南,无电梯,低楼层(共6层),双秀北园,1257,3室2厅,480.0,浦东,其他,132.73,1995.0
南北,有电梯,中楼层(共11层),远洋7号,1258,3室2厅,410.0,宝山,其他,103.64,1995.0
南,无电梯,高楼层(共6层),凤城五村,1259,1室1厅,195.0,杨浦,其他,38.85,1995.0
南,无电梯,中楼层(共6层),三兴苑,1260,2室1厅,310.0,虹口,其他,50.31,1995.0
南,有电梯,中楼层(共16层),恒大帝景,1261,2室1厅,320.0,松江,精装,84,1995.0
南北,无电梯,低楼层(共6层),久耕小区,1262,2室1厅,410.0,虹口,简装,63.9,1995.0
南北,有电梯,低楼层(共14层),保利西子湾,1263,2室2厅,355.0,松江,毛坯,90.34,1995.0
南北,无电梯,高楼层(共6层),鹏欣家园,1264,2室2厅,566.0,浦东,精装,91.45,1995.0
南,无电梯,高楼层(共5层),佘山家园,1265,4室2厅,239.0,松江,其他,93.22,1995.0
南,有电梯,高楼层(共20层),丝庐雅苑(公寓),1266,2室2厅,273.0,浦东,毛坯,88.76,1995.0
南,有电梯,中楼层(共5层),阁游路777弄,1267,2室2厅,230.0,青浦,其他,89.89,1995.0
南,有电梯,高楼层(共17层),中星海上景庭,1268,3室2厅,1250.0,浦东,精装,150.49,1995.0
南北,无电梯,中楼层(共6层),北华苑,1269,2室2厅,440.0,宝山,简装,86.01,1995.0
南北,有电梯,低楼层(共20层),荣承公寓,1270,3室1厅,900.0,徐汇,精装,125.3,1995.0
南,无电梯,高楼层(共6层),陆家嘴新景园,1271,3室2厅,880.0,浦东,简装,143.61,1995.0
南,有电梯,低楼层(共14层),旭辉玫瑰湾,1272,3室2厅,285.0,青浦,精装,89.96,1995.0
南,有电梯,中楼层(共18层),新城金郡,1273,2室2厅,305.0,嘉定,精装,82.66,1995.0
南,无电梯,中楼层(共4层),荷风翠庭,1274,1室1厅,95.0,浦东,简装,49.95,1995.0
南,无电梯,中楼层(共6层),行知家园,1275,2室2厅,420.0,宝山,精装,81.53,1995.0
南,有电梯,低楼层(共12层),金桥瑞仕花园,1276,2室2厅,1050.0,浦东,精装,112.1,1995.0
南,有电梯,高楼层(共16层),名都城(公寓),1277,3室2厅,950.0,闵行,精装,138.47,1995.0
南,有电梯,中楼层(共9层),四季雅苑(公寓),1278,3室2厅,1450.0,浦东,其他,165.8,1995.0
东南,有电梯,低楼层(共33层),瑞虹新城铭庭,1279,2室2厅,910.0,虹口,精装,89.1,1995.0
南北,有电梯,中楼层(共24层),好世皇马苑,1280,3室1厅,410.0,嘉定,其他,99,1995.0
南,无电梯,低楼层(共6层),阳光苑,1281,3室1厅,285.0,浦东,毛坯,82.39,1995.0
南,无电梯,高楼层(共6层),华陇建中小区,1282,2室1厅,310.0,浦东,简装,65.13,1995.0
南,无电梯,低楼层(共6层),晴川佳苑,1283,3室2厅,410.0,浦东,其他,104.25,1995.0
南,无电梯,中楼层(共6层),紫荆园,1284,2室2厅,710.0,徐汇,精装,94.21,1995.0
南,有电梯,高楼层(共28层),达安城,1285,3室2厅,1139.0,静安,精装,132.1,1995.0
南,有电梯,低楼层(共36层),凯欣豪园,1286,2室2厅,1100.0,长宁,精装,124.52,1995.0
南,有电梯,高楼层(共8层),新江湾佳苑,1287,3室2厅,850.0,杨浦,精装,85.57,1995.0
西北,有电梯,中楼层(共16层),同心路116弄,1288,2室1厅,445.0,虹口,简装,69.89,1995.0
南,有电梯,低楼层(共26层),海珀旭晖酒店式公寓,1289,1室1厅,512.0,徐汇,精装,67.76,1995.0
暂无数据,有电梯,中楼层(共15层),上海绿城,1290,3室2厅,1290.0,浦东,精装,136.51,1995.0
南,有电梯,高楼层(共25层),上海绿城,1291,3室2厅,1300.0,浦东,精装,145.27,1995.0
南,有电梯,低楼层(共11层),浦江世博家园八街坊,1292,3室2厅,419.0,闵行,简装,99.07,1995.0
东北,有电梯,中楼层(共8层),信和花园,1293,2室2厅,728.0,浦东,精装,101.69,1995.0
南,有电梯,中楼层(共18层),万科清林径,1294,3室2厅,405.0,浦东,精装,120.08,1995.0
南,有电梯,低楼层(共18层),汇智湖畔家园,1295,2室2厅,750.0,浦东,精装,89.29,1995.0
南北,有电梯,中楼层(共11层),圣鑫苑,1296,2室2厅,395.0,浦东,精装,109.56,1995.0
东南,有电梯,低楼层(共26层),瑞虹新城怡庭,1297,2室2厅,850.0,虹口,精装,81,1995.0
东南,有电梯,低楼层(共17层),仁恒滨江园,1298,4室2厅,2000.0,浦东,简装,187.06,1995.0
南,有电梯,高楼层(共28层),云海苑,1299,5室3厅,3290.0,静安,精装,374.47,1995.0
南,有电梯,低楼层(共18层),静安豪景苑,1300,3室2厅,1400.0,静安,精装,138.52,1995.0
南,无电梯,高楼层(共6层),巨龙台湾城,1301,2室2厅,200.0,奉贤,简装,84.72,1995.0
南,有电梯,中楼层(共18层),万科金色城市,1302,3室2厅,680.0,浦东,精装,78.1,1995.0
南,有电梯,高楼层(共14层),幸福小镇,1303,1室1厅,269.0,浦东,简装,54.19,1995.0
南北,无电梯,高楼层(共6层),兰花小区,1304,3室1厅,539.0,浦东,精装,84.6,1995.0
南,有电梯,中楼层(共11层),书院一号公寓,1305,2室1厅,175.0,浦东,精装,95,1995.0
南北,有电梯,高楼层(共18层),阳光威尼斯AB区,1306,2室2厅,459.0,普陀,精装,95.38,1995.0
南,无电梯,低楼层(共6层),万科阳光苑,1307,2室2厅,310.0,闵行,其他,79.44,1995.0
南,有电梯,中楼层(共31层),碧云东壹栋,1308,1室1厅,180.0,浦东,其他,68.1,1995.0
南北,有电梯,低楼层(共11层),德盈佳园,1309,3室2厅,245.0,浦东,毛坯,140,1995.0
南,有电梯,低楼层(共11层),澳丽映象,1310,2室1厅,270.0,嘉定,精装,86.33,1995.0
东南,有电梯,低楼层(共10层),金领国际(公寓),1311,2室2厅,320.0,浦东,精装,85.89,1995.0
南,无电梯,高楼层(共6层),百花新村,1312,3室1厅,260.0,浦东,其他,86.95,1995.0
南,有电梯,中楼层(共17层),嘉利豪园,1313,3室2厅,900.0,长宁,简装,133.8,1995.0
南北,无电梯,高楼层(共6层),凌云新村,1314,1室1厅,232.0,徐汇,其他,49.53,1995.0
南,有电梯,低楼层(共29层),联洋花园(二期),1315,1室2厅,795.0,浦东,其他,91,1995.0
南,有电梯,低楼层(共18层),盛世豪园(一期),1316,2室2厅,600.0,杨浦,其他,88,1995.0
南,有电梯,低楼层(共11层),保利金爵公寓,1317,2室2厅,430.0,浦东,精装,89.36,1995.0
南西南,无电梯,低楼层(共6层),金杨二街坊,1318,2室1厅,340.0,浦东,精装,58.86,1995.0
南,有电梯,高楼层(共24层),高安公寓,1319,2室2厅,978.0,徐汇,精装,102.57,1995.0
南,无电梯,高楼层(共6层),金杨新村十街坊,1320,2室2厅,375.0,浦东,其他,70.9,1995.0
南,无电梯,高楼层(共6层),宝仪花苑,1321,2室1厅,470.0,闵行,简装,72,1995.0
南,无电梯,高楼层(共6层),榆汾新苑,1322,2室2厅,685.0,杨浦,精装,107.8,1995.0
南,无电梯,高楼层(共6层),仁德路67弄10支弄,1323,2室1厅,440.0,杨浦,精装,78.16,1995.0
南,有电梯,高楼层(共18层),保利天鹅语,1324,2室2厅,289.0,嘉定,毛坯,80.23,1995.0
南,有电梯,高楼层(共14层),爱家亚洲花园,1325,2室2厅,690.0,浦东,精装,98.98,1995.0
南,有电梯,低楼层(共13层),创世纪花园,1326,3室2厅,1150.0,徐汇,简装,133.05,1995.0
南,有电梯,中楼层(共10层),安顺小区,1327,2室1厅,455.0,长宁,简装,72.1,1995.0
南,有电梯,高楼层(共11层),连城新苑,1328,2室2厅,530.0,浦东,毛坯,94.61,1995.0
南北,有电梯,高楼层(共14层),金地湾流域(公寓),1329,2室1厅,630.0,浦东,精装,87,1995.0
南,无电梯,高楼层(共6层),绿川新苑,1330,3室2厅,394.0,浦东,简装,99.04,1995.0
南,有电梯,中楼层(共11层),浦江世博家园二街坊,1331,1室1厅,288.0,闵行,精装,65.08,1995.0
南北,有电梯,高楼层(共19层),仁恒森兰雅苑(二期),1332,3室2厅,1160.0,浦东,精装,148.11,1995.0
东东南,有电梯,低楼层(共27层),步高苑,1333,3室2厅,1180.0,黄浦,精装,138.38,1995.0
南,有电梯,中楼层(共7层),徐汇新城(公寓),1334,2室1厅,590.0,徐汇,其他,92,1995.0
南,有电梯,低楼层(共9层),东兰世茗雅苑,1335,3室2厅,685.0,闵行,精装,123.53,1995.0
南,无电梯,高楼层(共6层),上缝小区,1336,2室1厅,357.0,徐汇,简装,67.13,1995.0
南,有电梯,中楼层(共15层),永翔佳苑,1337,2室1厅,340.0,嘉定,精装,87.88,1995.0
南,无电梯,高楼层(共4层),宜浩佳园,1338,2室1厅,220.0,浦东,精装,82.96,1995.0
南,有电梯,中楼层(共19层),中凯城市之光(静安),1339,4室2厅,1900.0,静安,简装,162.63,1995.0
南,有电梯,高楼层(共9层),名都城(公寓),1340,4室2厅,1050.0,闵行,精装,154.63,1995.0
南,有电梯,中楼层(共15层),中邦城市,1341,3室2厅,509.0,浦东,精装,102.84,1995.0
南北,有电梯,低楼层(共11层),新凯二期,1342,3室1厅,295.0,松江,毛坯,97.46,1995.0
南,有电梯,高楼层(共27层),万科海上传奇,1343,3室2厅,742.0,浦东,其他,108.88,1995.0
南,无电梯,高楼层(共6层),梅园四街坊,1344,2室1厅,580.0,浦东,简装,56.66,1995.0
南,有电梯,中楼层(共31层),淮海晶华苑,1345,3室2厅,1820.0,黄浦,精装,213.88,1995.0
南北,无电梯,高楼层(共6层),清宁小区,1346,2室1厅,287.0,长宁,精装,50.43,1995.0
南,有电梯,高楼层(共21层),阳光名苑,1347,2室2厅,980.0,徐汇,精装,101.16,1995.0
南北,无电梯,中楼层(共6层),紫荆二村,1348,3室1厅,243.0,嘉定,精装,96.89,1995.0
南,有电梯,低楼层(共17层),和欣国际花园,1349,2室2厅,560.0,宝山,精装,97.6,1995.0
南,无电梯,高楼层(共6层),龙柏四村三小区,1350,1室1厅,240.0,闵行,精装,48.56,1995.0
南,有电梯,中楼层(共33层),兆丰嘉园,1351,2室2厅,1400.0,长宁,精装,139.45,1995.0
南,有电梯,低楼层(共14层),上海绿城,1352,3室2厅,1100.0,浦东,精装,127,1995.0
南,无电梯,低楼层(共6层),金色碧云,1353,2室1厅,900.0,浦东,精装,95.38,1995.0
南,有电梯,中楼层(共12层),新南路壹号(公寓),1354,3室2厅,395.0,松江,精装,104.21,1995.0
南,无电梯,低楼层(共6层),江南星城,1355,2室2厅,548.0,闵行,精装,85.5,1995.0
南,有电梯,中楼层(共8层),上海未来,1356,3室2厅,1150.0,浦东,精装,140,1995.0
南,有电梯,低楼层(共9层),四季雅苑(公寓),1357,4室2厅,1566.0,浦东,精装,174.23,1995.0
南,有电梯,高楼层(共34层),中远两湾城,1358,3室2厅,919.0,普陀,精装,130.71,1995.0
南,有电梯,中楼层(共7层),东安一村,1359,1室1厅,290.0,徐汇,简装,46.24,1995.0
南,有电梯,高楼层(共24层),新华苑,1360,3室2厅,980.0,长宁,精装,152.41,1995.0
南,有电梯,高楼层(共14层),宝宸怡景园,1361,3室2厅,555.0,宝山,毛坯,89.15,1995.0
南,有电梯,中楼层(共8层),达安长宁公寓,1362,3室2厅,850.0,长宁,简装,113.36,1995.0
南北,有电梯,高楼层(共11层),远景佳苑二期,1363,2室2厅,570.0,宝山,精装,98.27,1995.0
南北,有电梯,高楼层(共16层),和欣国际花园,1364,2室1厅,450.0,宝山,精装,70.21,1995.0
南北,有电梯,低楼层(共11层),幸福小镇,1365,3室2厅,570.0,浦东,精装,125.84,1995.0
南,有电梯,高楼层(共14层),西班牙名园,1366,3室2厅,855.0,闵行,精装,131.71,1995.0
南,无电梯,高楼层(共7层),姚西小区,1367,2室1厅,300.0,静安,简装,38.98,1995.0
南北,无电梯,中楼层(共6层),证大家园(二期),1368,3室2厅,725.0,浦东,简装,105.24,1995.0
南,有电梯,低楼层(共30层),静安鼎鑫佳园,1369,3室2厅,1133.0,静安,精装,175.79,1995.0
南北,有电梯,低楼层(共14层),金沙雅苑(三期),1370,3室2厅,820.0,普陀,简装,140.16,1995.0
南北,有电梯,高楼层(共7层),金江家园,1371,1室2厅,280.0,普陀,简装,54.61,1995.0
南,无电梯,高楼层(共6层),民乐佳苑,1372,1室1厅,188.0,青浦,毛坯,63.86,1995.0
南,有电梯,高楼层(共7层),金汇花园四街坊,1373,2室2厅,415.0,闵行,其他,87.17,1995.0
南,无电梯,中楼层(共6层),北大街108弄,1374,1室1厅,125.0,嘉定,简装,37.25,1995.0
南,有电梯,低楼层(共18层),佳宁花园,1375,2室2厅,650.0,闸北,精装,108.09,1995.0
南,有电梯,高楼层(共20层),中海御景熙岸(公寓),1376,2室2厅,405.0,浦东,其他,87.22,1995.0
南北,有电梯,低楼层(共18层),保利星海屿,1377,3室2厅,379.0,嘉定,精装,93.56,1995.0
南,无电梯,中楼层(共6层),银桥花园,1378,2室1厅,260.0,闵行,简装,81.74,1995.0
东南,,高楼层(共26层),曹杨六村(兰溪园),1379,2室1厅,358.0,普陀,其他,74.59,1995.0
南,无电梯,高楼层(共6层),益丰新村,1380,2室2厅,370.0,浦东,精装,76,1995.0
南,有电梯,中楼层(共31层),耀江国际广场(公寓),1381,2室2厅,850.0,虹口,精装,99.82,1995.0
南,无电梯,低楼层(共6层),德华四村,1382,2室1厅,235.0,嘉定,简装,69.87,1995.0
南,有电梯,低楼层(共16层),美丽星城,1383,2室2厅,329.0,松江,精装,87.4,1995.0
南,无电梯,低楼层(共6层),市光四村,1384,2室1厅,280.0,杨浦,其他,53.56,1995.0
南,有电梯,高楼层(共11层),新浦江城(江栀路350弄),1385,2室2厅,560.0,闵行,精装,92.45,1995.0
南,有电梯,中楼层(共13层),海尚康庭,1386,2室2厅,255.0,浦东,精装,74.33,1995.0
南北,有电梯,高楼层(共16层),云阳花苑,1387,2室2厅,567.0,长宁,精装,81.13,1995.0
南,无电梯,高楼层(共6层),南方新村,1388,3室1厅,415.0,闵行,精装,83.8,1995.0
南,,高楼层(共14层),玉兰清苑,1389,2室1厅,308.0,青浦,毛坯,69,1995.0
南北,无电梯,中楼层(共5层),高华小区,1390,2室0厅,166.0,闵行,毛坯,50.29,1995.0
南北,无电梯,低楼层(共6层),田林十二村,1391,1室0厅,320.0,徐汇,精装,32.29,1995.0
南,无电梯,高楼层(共6层),齐爱佳苑,1392,2室2厅,360.0,浦东,精装,81.46,1995.0
南,有电梯,中楼层(共14层),临汾名城,1393,2室2厅,560.0,闸北,精装,101.7,1995.0
南,无电梯,中楼层(共6层),锦龙苑,1394,2室1厅,320.0,宝山,简装,73.92,1995.0
南,无电梯,中楼层(共6层),平顺小区,1395,2室1厅,245.0,闸北,简装,52.24,1995.0
南,有电梯,高楼层(共10层),中凯城市之光(静安),1396,4室2厅,3030.0,静安,精装,268.72,1995.0
南,无电梯,高楼层(共6层),大华公园世家康华苑,1397,2室2厅,459.0,宝山,精装,84.43,1995.0
南北,有电梯,中楼层(共11层),衡辰三林苑,1398,3室2厅,665.0,浦东,简装,118,1995.0
南,有电梯,低楼层(共10层),滨江雅苑,1399,3室2厅,610.0,宝山,精装,118.14,1995.0
南,有电梯,中楼层(共17层),金汇豪庭,1400,4室2厅,1450.0,闵行,精装,218.53,1995.0
南,有电梯,中楼层(共27层),天山河畔花园,1401,3室2厅,1220.0,长宁,精装,141.32,1995.0
南,无电梯,中楼层(共6层),新青浦花苑(公寓),1402,3室2厅,320.0,青浦,简装,128.73,1995.0
南,无电梯,低楼层(共5层),泰安公寓,1403,3室2厅,220.0,青浦,毛坯,108.37,1995.0
南,无电梯,中楼层(共4层),世纪新城,1404,3室2厅,492.0,松江,其他,129.11,1995.0
南北,无电梯,高楼层(共5层),广延路52弄,1405,2室1厅,299.9,闸北,精装,47.77,1995.0
南,无电梯,中楼层(共6层),曲阳路594号,1406,1室0厅,213.0,虹口,简装,33.82,1995.0
南,无电梯,中楼层(共6层),长寿新村(闵行),1407,2室1厅,305.0,闵行,简装,60.19,1995.0
南,无电梯,高楼层(共6层),真北一街坊,1408,1室1厅,206.0,普陀,其他,41.51,1995.0
南,,高楼层(共30层),瑞虹新城悦庭,1409,3室2厅,2150.0,虹口,精装,171,1995.0
南,无电梯,中楼层(共6层),曙光新村(南桥),1410,3室2厅,265.0,奉贤,简装,133.68,1995.0
南,无电梯,中楼层(共4层),绿城玉兰花园(二期),1411,4室2厅,1580.0,浦东,简装,197.71,1995.0
南,无电梯,中楼层(共5层),塔城路850弄,1412,2室1厅,140.0,嘉定,简装,47.2,1995.0
南,无电梯,中楼层(共6层),连城苑,1413,3室2厅,770.0,浦东,其他,124.55,1995.0
南,无电梯,低楼层(共6层),塔城小区,1414,2室1厅,178.0,嘉定,其他,60.92,1995.0
南,有电梯,低楼层(共11层),流晶逸彩,1415,3室2厅,729.0,闵行,精装,131.96,1995.0
南,有电梯,中楼层(共8层),绿洲城市花园,1416,2室2厅,800.0,普陀,毛坯,103.8,1995.0
南,有电梯,中楼层(共17层),九龙仓滨江壹十八,1417,5室2厅,4200.0,浦东,精装,364.8,1995.0
南,有电梯,中楼层(共11层),马陆清水湾,1418,3室1厅,420.0,嘉定,其他,140.74,1995.0
南,,中楼层(共17层),崧泽华城佳福雅苑,1419,2室1厅,200.0,青浦,其他,75.34,1995.0
南北,有电梯,高楼层(共12层),香逸湾,1420,3室2厅,380.0,宝山,精装,88.23,1995.0
南,有电梯,低楼层(共9层),古北嘉年华庭,1421,1室1厅,608.0,长宁,精装,70.99,1995.0
南,有电梯,中楼层(共11层),金领国际(公寓),1422,2室2厅,300.0,浦东,精装,84.58,1995.0
南,无电梯,高楼层(共6层),寿益坊,1423,2室1厅,420.0,徐汇,精装,62.4,1995.0
南西南,无电梯,高楼层(共6层),平阳一村,1424,1室1厅,238.0,闵行,简装,48.69,1995.0
南,有电梯,高楼层(共17层),春申景城湖滨晨韵,1425,2室1厅,461.0,闵行,精装,67.2,1995.0
南北,有电梯,低楼层(共11层),浦江世博家园十三街坊,1426,2室2厅,355.0,闵行,精装,86.63,1995.0
南,无电梯,高楼层(共6层),曹杨五村(南杨园),1427,1室1厅,210.0,普陀,精装,39.25,1995.0
南北,无电梯,低楼层(共6层),梅苑,1428,2室1厅,308.0,徐汇,精装,61.35,1995.0
南,无电梯,中楼层(共6层),万泰花园,1429,1室1厅,295.0,闵行,精装,47.6,1995.0
南,有电梯,中楼层(共7层),同心路125弄,1430,1室1厅,235.0,虹口,精装,37.4,1995.0
南,无电梯,中楼层(共6层),共富一村,1431,3室1厅,328.0,宝山,毛坯,89.6,1995.0
南,无电梯,低楼层(共5层),万科假日风景(公寓),1432,2室2厅,565.0,闵行,简装,91.54,1995.0
南,有电梯,中楼层(共11层),华虹公寓,1433,3室2厅,1100.0,虹口,精装,142.3,1995.0
东,有电梯,中楼层(共14层),佳信都市花园(公寓),1434,2室2厅,920.0,长宁,其他,126.65,1995.0
南,有电梯,低楼层(共18层),星颂家园,1435,2室2厅,300.0,浦东,毛坯,82.13,1995.0
南,无电梯,中楼层(共6层),华亭新家百合苑,1436,3室2厅,368.0,松江,简装,117.72,1995.0
南北,无电梯,低楼层(共6层),金巷小区,1437,3室2厅,458.0,浦东,简装,101.41,1995.0
南北,无电梯,高楼层(共6层),罗山三村,1438,1室1厅,228.0,浦东,精装,48.07,1995.0
南,无电梯,低楼层(共6层),文怡花园,1439,2室1厅,226.0,奉贤,其他,84.7,1995.0
南北,无电梯,中楼层(共6层),嘉丰新苑,1440,3室2厅,558.0,闵行,其他,116.5,1995.0
南,无电梯,高楼层(共6层),西郊九韵城,1441,2室2厅,285.0,闵行,毛坯,72.78,1995.0
南,有电梯,低楼层(共18层),鸿凯湾绿苑,1442,3室2厅,1250.0,长宁,精装,131.99,1995.0
南,无电梯,高楼层(共6层),沪江新苑,1443,3室2厅,350.0,闵行,简装,91.66,1995.0
南北,有电梯,低楼层(共26层),金宝大厦,1444,3室2厅,730.0,虹口,其他,147.83,1995.0
南,有电梯,低楼层(共18层),新弘国际城(公寓),1445,2室2厅,274.0,松江,精装,88.83,1995.0
南北,无电梯,高楼层(共7层),三门路510弄,1446,2室1厅,278.0,杨浦,简装,64.22,1995.0
南,有电梯,低楼层(共11层),万科新里程,1447,3室2厅,930.0,浦东,其他,113.45,1995.0
南,有电梯,高楼层(共22层),国际丽都城,1448,3室2厅,2398.0,静安,精装,178.51,1995.0
南,无电梯,高楼层(共7层),宏明雅舍,1449,3室1厅,520.0,闵行,精装,103.35,1995.0
南,无电梯,高楼层(共6层),李园一村,1450,3室2厅,263.0,嘉定,精装,92.49,1995.0
南,有电梯,高楼层(共13层),乾鸿苑,1451,2室2厅,740.0,虹口,精装,112.01,1995.0
南,无电梯,中楼层(共6层),丰庄十二街坊,1452,1室1厅,208.0,嘉定,精装,47.47,1995.0
南,有电梯,中楼层(共26层),海悦花园,1453,3室2厅,1500.0,黄浦,精装,150.2,1995.0
南,无电梯,中楼层(共6层),平南三四村,1454,2室1厅,408.0,闵行,其他,68.09,1995.0
南,无电梯,中楼层(共6层),新陈路428弄,1455,3室1厅,430.0,浦东,简装,100.15,1995.0
南,有电梯,低楼层(共30层),中信和平家园,1456,2室2厅,770.0,虹口,简装,89.17,1995.0
南,无电梯,中楼层(共6层),鹏海小区,1457,2室1厅,318.0,浦东,精装,61.01,1995.0
南,有电梯,中楼层(共24层),馨宁公寓,1458,2室1厅,350.0,徐汇,精装,62.28,1995.0
南,有电梯,低楼层(共30层),浦东世纪花园(公寓),1459,4室2厅,2100.0,浦东,精装,226.39,1995.0
南,无电梯,低楼层(共7层),静安新城九区,1460,2室2厅,460.0,闵行,精装,72.53,1995.0
南,有电梯,中楼层(共28层),沪太家具大厦,1461,2室1厅,430.0,闸北,其他,74.3,1995.0
南,有电梯,低楼层(共25层),春申景城MIDTOWN,1462,3室2厅,915.0,闵行,精装,137.5,1995.0
南北,有电梯,低楼层(共14层),浦润苑,1463,2室2厅,290.0,闵行,毛坯,90.02,1995.0
南,有电梯,中楼层(共19层),加州水郡,1464,3室2厅,1295.0,杨浦,精装,164.07,1995.0
南,有电梯,低楼层(共34层),中远两湾城,1465,1室2厅,590.0,普陀,精装,75.45,1995.0
南北,有电梯,低楼层(共23层),绿洲康城亲水湾(中央区),1466,3室2厅,435.0,浦东,毛坯,99.29,1995.0
南,有电梯,低楼层(共31层),和源名城,1467,2室2厅,405.0,闸北,简装,79.81,1995.0
南,无电梯,中楼层(共6层),香楠小区,1468,3室1厅,390.0,浦东,简装,80.34,1995.0
南,无电梯,高楼层(共6层),市光四村,1469,2室1厅,315.0,杨浦,精装,61.71,1995.0
南,有电梯,高楼层(共32层),锦绿新城,1470,2室2厅,750.0,普陀,精装,100.82,1995.0
南,无电梯,中楼层(共5层),彭五小区,1471,2室0厅,215.0,闸北,简装,45.97,1995.0
南北,,中楼层(共28层),紫薇茗庭,1472,2室1厅,173.8,松江,毛坯,67.17,1995.0
南,无电梯,中楼层(共5层),南草坪花园(公寓),1473,3室2厅,2280.0,静安,精装,172.02,1995.0
南,无电梯,高楼层(共6层),银丰苑,1474,3室2厅,410.0,浦东,毛坯,129.64,1995.0
西,有电梯,低楼层(共12层),嘉业海悦苑,1475,1室1厅,119.0,奉贤,精装,65.65,1995.0
北,无电梯,高楼层(共7层),中华小区,1476,1室1厅,200.0,长宁,简装,35.25,1995.0
南,无电梯,低楼层(共6层),绿星小区,1477,2室2厅,310.0,浦东,简装,80.44,1995.0
南,无电梯,中楼层(共7层),汝南街小区,1478,3室1厅,668.0,黄浦,精装,88.64,1995.0
南,有电梯,低楼层(共35层),虹桥衡园,1479,2室2厅,630.0,闵行,精装,113.73,1995.0
南北,无电梯,中楼层(共6层),金恒小区,1480,3室1厅,498.0,浦东,简装,88.17,1995.0
南,无电梯,低楼层(共6层),胶南小区,1481,2室1厅,260.0,浦东,其他,48.97,1995.0
南北,有电梯,中楼层(共24层),新弘国际公寓,1482,3室2厅,1150.0,闸北,精装,148.02,1995.0
南,有电梯,中楼层(共30层),国信世纪海景,1483,3室2厅,1850.0,浦东,精装,196.42,1995.0
南,有电梯,中楼层(共7层),南国花园,1484,4室2厅,588.0,闵行,精装,137.21,1995.0
南,无电梯,高楼层(共5层),万科城市花园,1485,3室2厅,680.0,闵行,精装,169.2,1995.0
南,有电梯,低楼层(共25层),嘉宝紫提湾(公寓),1486,1室2厅,260.0,嘉定,精装,70.11,1995.0
西南,无电梯,高楼层(共6层),黄山始信苑,1487,2室2厅,565.0,浦东,简装,70.01,1995.0
南,有电梯,高楼层(共24层),仁恒公园世纪,1488,4室2厅,2680.0,浦东,精装,245,1995.0
南,无电梯,低楼层(共6层),四季绿城,1489,2室2厅,450.0,宝山,精装,88.75,1995.0
南,有电梯,中楼层(共16层),联洋花园(一期),1490,3室2厅,1150.0,浦东,精装,132.63,1995.0
南,有电梯,低楼层(共26层),仁恒河滨城(一期),1491,5室3厅,2080.0,浦东,精装,226.17,1995.0
南,无电梯,高楼层(共6层),山水景苑,1492,3室1厅,390.0,松江,毛坯,116.73,1995.0
南,无电梯,中楼层(共6层),江海新村,1493,2室2厅,162.0,奉贤,其他,81,1995.0
南,无电梯,高楼层(共6层),新泾五村,1494,1室1厅,240.0,长宁,其他,49.7,1995.0
南北,有电梯,低楼层(共20层),惠民公寓,1495,2室1厅,385.0,宝山,精装,90.13,1995.0
南北,有电梯,中楼层(共18层),中环一号(三期),1496,3室2厅,560.0,宝山,精装,99.75,1995.0
南北,无电梯,中楼层(共5层),万科桂馨苑,1497,3室2厅,740.0,闵行,简装,132.8,1995.0
南,无电梯,中楼层(共6层),由由四村,1498,2室1厅,249.0,浦东,简装,51.8,1995.0
南,有电梯,高楼层(共9层),锦绣江南(一期),1499,3室2厅,770.0,闵行,精装,118.55,1995.0
南北,有电梯,中楼层(共11层),浦江世博家园十五街坊,1500,2室2厅,346.0,闵行,精装,79.42,1995.0
南,有电梯,高楼层(共24层),宝地东花园,1501,2室2厅,810.0,杨浦,精装,95.49,1995.0
南,无电梯,中楼层(共6层),文化花园清华苑,1502,3室2厅,740.0,杨浦,其他,124.3,1995.0
南,有电梯,低楼层(共37层),尚海湾豪庭,1503,3室2厅,1650.0,徐汇,精装,165.93,1995.0
南,有电梯,高楼层(共22层),山水国际,1504,3室2厅,1570.0,浦东,精装,148.39,1995.0
南,有电梯,低楼层(共14层),绿洲康城亲水湾(中央区),1505,3室2厅,515.0,浦东,精装,108.96,1995.0
南,无电梯,高楼层(共6层),杨镇新村,1506,2室1厅,340.0,浦东,简装,84.58,1995.0
南,无电梯,高楼层(共6层),昱龙家园,1507,2室2厅,265.0,浦东,毛坯,74,1995.0
南,有电梯,低楼层(共22层),中星宜川花苑,1508,2室1厅,385.0,普陀,精装,69.37,1995.0
南北,,低楼层(共14层),仁和都市花园,1509,3室2厅,605.0,浦东,其他,93,1995.0
东南南,有电梯,中楼层(共7层),北蒙三小区,1510,1室0厅,295.0,黄浦,简装,34.4,1995.0
南,无电梯,低楼层(共6层),金泽苑,1511,2室2厅,460.0,浦东,简装,87.34,1995.0
南,无电梯,低楼层(共6层),昌四小区,1512,1室1厅,230.0,浦东,精装,45.01,1995.0
南,,中楼层(共19层),云华公寓,1513,2室2厅,740.0,静安,简装,101.61,1995.0
南北,有电梯,高楼层(共17层),春申景城湖畔林语,1514,3室2厅,895.0,闵行,精装,123.74,1995.0
南,有电梯,高楼层(共18层),宝虹水岸景苑,1515,2室2厅,305.0,宝山,毛坯,77.94,1995.0
南北,无电梯,中楼层(共6层),东方悦居,1516,1室1厅,310.0,浦东,毛坯,53.55,1995.0
南,无电梯,中楼层(共6层),万荣小区,1517,2室1厅,295.0,上海周边,简装,55.11,1995.0
南,无电梯,低楼层(共6层),齐二小区,1518,1室1厅,208.0,浦东,简装,40.01,1995.0
南,无电梯,低楼层(共6层),牡丹路186弄,1519,2室1厅,420.0,浦东,毛坯,66.18,1995.0
南,无电梯,低楼层(共6层),运光小区,1520,1室1厅,200.0,虹口,简装,38,1995.0
南,无电梯,中楼层(共6层),水丰路61弄,1521,2室1厅,430.0,杨浦,其他,69.99,1995.0
南,无电梯,中楼层(共5层),昌鑫花园(公寓),1522,2室2厅,315.0,松江,毛坯,87.14,1995.0
南北,有电梯,低楼层(共13层),一品漫城(四期)(公寓),1523,2室2厅,470.0,闵行,其他,83.21,1995.0
南,无电梯,低楼层(共6层),歌林春天馨园,1524,2室1厅,745.0,闸北,精装,92.37,1995.0
南,有电梯,高楼层(共18层),华容小区,1525,1室1厅,295.0,徐汇,简装,40.81,1995.0
南,无电梯,中楼层(共7层),永兴路300号,1526,1室0厅,235.0,闸北,其他,34.57,1995.0
南,无电梯,高楼层(共6层),万登花苑,1527,3室2厅,728.0,杨浦,精装,143.13,1995.0
南,有电梯,低楼层(共18层),宝宸共和家园,1528,2室2厅,500.0,宝山,精装,98.83,1995.0
南北,无电梯,中楼层(共6层),嘉和坊,1529,1室1厅,210.0,嘉定,毛坯,47.43,1995.0
东南,无电梯,高楼层(共6层),长桥一村,1530,2室1厅,430.0,徐汇,简装,66.75,1995.0
南,无电梯,低楼层(共6层),锦苑小区(虹口),1531,1室1厅,185.0,虹口,简装,36.42,1995.0
南,无电梯,中楼层(共6层),淞南七村,1532,1室1厅,195.0,宝山,简装,48.61,1995.0
南北,有电梯,低楼层(共16层),新梅共和城,1533,3室2厅,800.0,闸北,毛坯,119.77,1995.0
南北,有电梯,高楼层(共17层),春申景城湖畔林语,1534,5室2厅,1380.0,闵行,简装,190.74,1995.0
东南,有电梯,中楼层(共11层),碧云东方公寓,1535,3室2厅,1150.0,浦东,精装,142.66,1995.0
南北,有电梯,低楼层(共27层),盘古天地,1536,4室2厅,455.0,嘉定,精装,128.04,1995.0
南,有电梯,中楼层(共19层),仁恒森兰雅苑(二期),1537,4室2厅,1485.0,浦东,精装,212,1995.0
南,无电梯,高楼层(共5层),菊泉新城(陆翔路678弄),1538,2室2厅,275.0,宝山,其他,89.65,1995.0
南,有电梯,低楼层(共24层),东五小区(虹口),1539,2室1厅,453.0,虹口,简装,66.13,1995.0
南,无电梯,中楼层(共7层),康泰新城,1540,4室2厅,550.0,宝山,简装,134.37,1995.0
南,无电梯,中楼层(共6层),南杨小区(长清路),1541,2室1厅,280.0,浦东,精装,55,1995.0
南,有电梯,低楼层(共16层),京西大楼,1542,2室1厅,475.0,静安,简装,55,1995.0
南,无电梯,中楼层(共5层),八一小区,1543,2室0厅,254.0,虹口,简装,45.74,1995.0
南,无电梯,低楼层(共6层),普乐二村,1544,2室1厅,225.0,闵行,毛坯,61.86,1995.0
南,有电梯,低楼层(共8层),皇都花园(公寓),1545,3室2厅,1300.0,闵行,精装,169.99,1995.0
南,有电梯,中楼层(共34层),中宁大楼,1546,2室1厅,490.0,普陀,简装,82.22,1995.0
南,无电梯,高楼层(共6层),古美小区,1547,2室1厅,270.0,闵行,精装,59.82,1995.0
南,有电梯,高楼层(共18层),汇锦城二期,1548,2室2厅,260.0,浦东,毛坯,89,1995.0
南,有电梯,中楼层(共11层),新凯二期,1549,3室2厅,328.0,松江,简装,97.5,1995.0
南,有电梯,中楼层(共13层),铂金华府,1550,2室2厅,698.0,宝山,精装,99.44,1995.0
南,无电梯,低楼层(共6层),长风一村小区,1551,2室1厅,340.0,普陀,简装,61.02,1995.0
南,无电梯,高楼层(共6层),福海小区,1552,1室1厅,300.0,黄浦,精装,42,1995.0
南,有电梯,高楼层(共17层),金地自在城(二期),1553,3室2厅,338.0,松江,精装,94.05,1995.0
南北,有电梯,低楼层(共14层),欣佳宝邸,1554,3室2厅,290.0,闵行,毛坯,98.91,1995.0
南,无电梯,低楼层(共6层),梅陇九村,1555,1室1厅,200.0,徐汇,毛坯,43.07,1995.0
南,,低楼层(共16层),农房唐镇壹号,1556,2室2厅,435.0,浦东,精装,109,1995.0
南西南,有电梯,低楼层(共32层),艾格美国际公寓,1557,2室1厅,980.0,静安,精装,100.69,1995.0
南,有电梯,中楼层(共14层),金碧汇虹苑,1558,2室2厅,215.0,奉贤,其他,100.93,1995.0
南,无电梯,高楼层(共6层),龙柏七村,1559,2室1厅,375.0,闵行,简装,74.4,1995.0
南,无电梯,高楼层(共6层),光华园,1560,3室1厅,638.0,徐汇,简装,80.82,1995.0
南,有电梯,低楼层(共24层),陆家嘴花园(一期),1561,2室2厅,1130.0,浦东,精装,108.86,1995.0
南,无电梯,高楼层(共6层),文汇小区(浦东),1562,2室1厅,275.0,浦东,精装,64.1,1995.0
西,无电梯,低楼层(共6层),仙霞别墅,1563,2室1厅,420.0,长宁,精装,61,1995.0
南,无电梯,高楼层(共6层),普陀四村,1564,1室1厅,215.0,普陀,精装,37.9,1995.0
南,有电梯,低楼层(共24层),柳林公寓,1565,3室2厅,630.0,虹口,精装,136.77,1995.0
东南,有电梯,高楼层(共23层),梅陇四村,1566,2室1厅,430.0,徐汇,其他,81.68,1995.0
南,有电梯,低楼层(共35层),汇豪天下,1567,3室2厅,1400.0,浦东,其他,145,1995.0
南,无电梯,高楼层(共6层),建华公寓,1568,2室1厅,605.0,浦东,简装,79.79,1995.0
南北,有电梯,中楼层(共32层),静安城,1569,3室2厅,1080.0,静安,精装,167.67,1995.0
南,无电梯,高楼层(共6层),长风二村风荷园,1570,2室0厅,245.0,普陀,简装,43.33,1995.0
南,无电梯,中楼层(共6层),丰怡苑,1571,1室1厅,206.0,浦东,其他,52.3,1995.0
南北,有电梯,低楼层(共11层),浦江宝邸北区,1572,2室2厅,229.0,闵行,精装,78.17,1995.0
南,无电梯,高楼层(共6层),虹口玫瑰苑,1573,3室2厅,690.0,虹口,精装,114.09,1995.0
东西,有电梯,低楼层(共17层),汇秀景苑一街坊,1574,2室1厅,230.0,闵行,毛坯,80.33,1995.0
南北,无电梯,中楼层(共5层),金港花园(公寓),1575,3室2厅,365.0,松江,简装,118.62,1995.0
南,有电梯,高楼层(共29层),爱邦大厦,1576,3室2厅,730.0,徐汇,毛坯,161.12,1995.0
南,有电梯,中楼层(共18层),惠益新苑,1577,1室1厅,150.0,浦东,毛坯,58.17,1995.0
南,无电梯,高楼层(共6层),弘扬公寓,1578,3室2厅,800.0,浦东,毛坯,126.03,1995.0
南,有电梯,高楼层(共11层),今日丽园,1579,4室2厅,1680.0,长宁,精装,268.47,1995.0
南,有电梯,低楼层(共11层),四季绿城,1580,2室2厅,399.0,宝山,精装,88.9,1995.0
南北,有电梯,中楼层(共11层),万科四季花城,1581,3室1厅,345.0,宝山,其他,87.69,1995.0
南,无电梯,高楼层(共6层),好旺花苑,1582,1室1厅,225.0,宝山,精装,45.99,1995.0
南,无电梯,高楼层(共6层),康桥月苑,1583,2室2厅,266.0,浦东,精装,72.27,1995.0
南,有电梯,高楼层(共17层),上海康城,1584,2室2厅,350.0,闵行,精装,93.07,1995.0
南,有电梯,中楼层(共17层),中金海棠湾(公寓),1585,2室1厅,438.0,浦东,其他,100.58,1995.0
南,有电梯,中楼层(共10层),银河新都,1586,2室1厅,318.0,闵行,毛坯,71.74,1995.0
南,无电梯,中楼层(共6层),航华四村,1587,2室1厅,275.0,闵行,简装,64.21,1995.0
南,有电梯,低楼层(共12层),香梅花园(二期),1588,3室2厅,1250.0,浦东,精装,156.88,1995.0
东,有电梯,中楼层(共36层),凯欣豪园,1589,1室0厅,510.0,长宁,精装,52.46,1995.0
南,无电梯,中楼层(共6层),西木小区,1590,1室1厅,299.0,徐汇,精装,43.62,1995.0
南,无电梯,低楼层(共6层),罗山一村,1591,1室2厅,245.0,浦东,其他,50.61,1995.0
南,,中楼层(共16层),天居玲珑湾(公寓),1592,2室2厅,228.0,嘉定,精装,85.03,1995.0
南,有电梯,中楼层(共16层),贝尚湾(公寓),1593,2室2厅,480.0,松江,其他,87.81,1995.0
南,有电梯,中楼层(共9层),文化花园清华苑,1594,2室2厅,630.0,杨浦,其他,98.92,1995.0
南,有电梯,低楼层(共18层),上海绿城,1595,2室2厅,1030.0,浦东,精装,121.16,1995.0
南,无电梯,高楼层(共6层),古美八村,1596,2室1厅,285.0,闵行,其他,62.33,1995.0
南,有电梯,中楼层(共11层),万科时一区,1597,3室2厅,1128.0,闵行,精装,128,1995.0
南,无电梯,中楼层(共6层),海高二村,1598,2室1厅,192.0,浦东,简装,54.86,1995.0
南,无电梯,高楼层(共6层),杨镇新村,1599,2室1厅,288.0,浦东,简装,71.45,1995.0
南北,无电梯,高楼层(共6层),原水小区(制造局路208弄),1600,3室2厅,1050.0,黄浦,简装,139.37,1995.0
南,有电梯,低楼层(共12层),锦绣江南(四期),1601,3室2厅,900.0,闵行,精装,141.69,1995.0
南,无电梯,中楼层(共6层),东兰兴城(惠兰苑),1602,2室2厅,585.0,闵行,精装,97.8,1995.0
南北,有电梯,中楼层(共14层),博山公寓,1603,3室2厅,570.0,浦东,精装,110.84,1995.0
南,有电梯,中楼层(共14层),金桥新城,1604,3室2厅,710.0,浦东,简装,129.38,1995.0
南,有电梯,低楼层(共31层),圣约翰名邸,1605,2室2厅,888.0,长宁,精装,99.17,1995.0
南,无电梯,高楼层(共6层),雪野二村,1606,1室1厅,225.0,浦东,精装,36.79,1995.0
南北,无电梯,高楼层(共6层),嘉骏香山苑,1607,2室2厅,360.0,宝山,毛坯,77.37,1995.0
南,无电梯,高楼层(共6层),丰庄十四街坊,1608,2室1厅,245.0,嘉定,简装,60.15,1995.0
南北,有电梯,低楼层(共16层),上海康城,1609,3室2厅,440.0,闵行,精装,129.43,1995.0
南,无电梯,高楼层(共6层),春港丽园(公寓),1610,3室1厅,370.0,浦东,精装,88.29,1995.0
暂无数据,有电梯,低楼层(共14层),中冶尚城,1611,2室2厅,510.0,浦东,毛坯,87.48,1995.0
南,有电梯,中楼层(共12层),保利御樽苑(公寓),1612,4室2厅,1050.0,浦东,毛坯,191.72,1995.0
南,有电梯,中楼层(共18层),武定大楼,1613,1室1厅,398.0,静安,精装,47.1,1995.0
南,无电梯,低楼层(共6层),润和苑,1614,2室2厅,270.0,松江,简装,93.84,1995.0
南,有电梯,低楼层(共15层),云锦东方(公寓),1615,3室2厅,2880.0,徐汇,精装,198.9,1995.0
南,无电梯,低楼层(共6层),瑞达苑,1616,2室2厅,550.0,浦东,简装,80.96,1995.0
南北,无电梯,中楼层(共6层),鹤庆苑,1617,3室2厅,460.0,闵行,简装,120.33,1995.0
南,无电梯,中楼层(共6层),俞一小区,1618,2室1厅,358.0,徐汇,精装,56.63,1995.0
南,有电梯,低楼层(共37层),尚海湾豪庭,1619,4室2厅,2350.0,徐汇,精装,225.04,1995.0
南,无电梯,中楼层(共6层),绿川小区,1620,2室1厅,320.0,浦东,其他,66.68,1995.0
南,无电梯,低楼层(共6层),翔川家园,1621,2室1厅,420.0,浦东,其他,79.75,1995.0
南,有电梯,低楼层(共19层),安居花苑,1622,2室1厅,498.0,杨浦,简装,90.3,1995.0
南,有电梯,低楼层(共18层),中华新路485弄,1623,2室1厅,480.0,闸北,简装,78.31,1995.0
南北,有电梯,中楼层(共14层),象屿都城,1624,3室1厅,369.0,松江,精装,90.38,1995.0
东南,有电梯,高楼层(共49层),世茂滨江花园,1625,2室2厅,1300.0,浦东,精装,139,1995.0
南北,无电梯,高楼层(共6层),丰舍西苑,1626,2室1厅,298.0,浦东,精装,70.17,1995.0
南北,无电梯,中楼层(共6层),静安新城一区,1627,2室2厅,425.0,闵行,精装,77,1995.0
南,有电梯,高楼层(共16层),九城湖滨国际,1628,1室2厅,300.0,松江,精装,59.93,1995.0
南北,无电梯,高楼层(共6层),栅桥小区,1629,2室1厅,220.0,嘉定,其他,68.03,1995.0
南,有电梯,低楼层(共26层),爱家亚洲花园,1630,4室2厅,1180.0,浦东,精装,181.96,1995.0
南,无电梯,高楼层(共5层),德州二村,1631,2室1厅,275.0,浦东,简装,53.15,1995.0
南,无电梯,高楼层(共6层),莲琼苑,1632,2室2厅,485.0,浦东,简装,88.25,1995.0
南,有电梯,低楼层(共8层),菊泉新城(陆翔路698弄),1633,2室1厅,259.0,宝山,其他,83.11,1995.0
南,有电梯,低楼层(共28层),汇豪天下,1634,3室2厅,1288.0,浦东,精装,149.28,1995.0
南,无电梯,低楼层(共6层),金桥新城,1635,2室2厅,490.0,浦东,精装,92.2,1995.0
南,有电梯,高楼层(共21层),当代清水园,1636,5室3厅,2030.0,浦东,精装,209.24,1995.0
南北,无电梯,中楼层(共6层),纯翠苑,1637,2室2厅,535.0,浦东,精装,89.67,1995.0
南,无电梯,中楼层(共5层),中天碧云,1638,3室2厅,1200.0,浦东,精装,133.48,1995.0
南北,无电梯,中楼层(共6层),金杨七街坊,1639,2室1厅,290.0,浦东,简装,58.78,1995.0
南,无电梯,高楼层(共6层),古美西路316弄,1640,2室1厅,375.0,闵行,其他,73.42,1995.0
南,无电梯,中楼层(共6层),共康四村,1641,1室1厅,170.0,闸北,简装,36.45,1995.0
东,有电梯,高楼层(共7层),蒙自新村,1642,2室1厅,398.0,黄浦,毛坯,59.01,1995.0
南,有电梯,中楼层(共14层),海派青城,1643,1室1厅,145.0,松江,毛坯,44.73,1995.0
南,无电梯,低楼层(共6层),华景苑,1644,3室2厅,605.0,浦东,毛坯,139.41,1995.0
南,无电梯,高楼层(共6层),江桥二村,1645,1室0厅,160.0,嘉定,精装,38.8,1995.0
南,有电梯,高楼层(共16层),骏景雅苑,1646,4室2厅,730.0,宝山,毛坯,134,1995.0
南,无电梯,低楼层(共6层),新闵小区,1647,2室1厅,215.0,闵行,毛坯,59.9,1995.0
南,无电梯,低楼层(共6层),河间路1077弄,1648,1室1厅,172.0,杨浦,其他,38.5,1995.0
南,无电梯,高楼层(共6层),三佳苑,1649,1室1厅,258.0,闵行,毛坯,57.03,1995.0
南,有电梯,中楼层(共27层),中山大厦,1650,3室2厅,605.0,虹口,简装,103.59,1995.0
南,无电梯,高楼层(共6层),汇成二村,1651,2室1厅,350.0,徐汇,简装,63.7,1995.0
南,有电梯,低楼层(共18层),金地自在城(二期),1652,3室2厅,430.0,松江,毛坯,128.88,1995.0
南,无电梯,高楼层(共6层),水塘小区,1653,2室1厅,243.0,普陀,简装,54.81,1995.0
南,,中楼层(共18层),海尚墅林苑,1654,2室2厅,160.0,奉贤,简装,86.58,1995.0
南,无电梯,高楼层(共6层),国和路611弄,1655,2室1厅,260.0,杨浦,其他,53.98,1995.0
南,有电梯,低楼层(共7层),大桥花苑,1656,1室1厅,235.0,浦东,简装,44.7,1995.0
南,无电梯,高楼层(共6层),曙光新苑,1657,3室2厅,275.0,奉贤,其他,111,1995.0
南,有电梯,低楼层(共14层),名仕豪庭(公寓),1658,2室2厅,310.0,松江,毛坯,89.69,1995.0
南,无电梯,中楼层(共6层),汇丽苑,1659,3室2厅,450.0,浦东,毛坯,122,1995.0
南,,高楼层(共18层),中建锦绣天地,1660,3室2厅,650.0,青浦,毛坯,88.6,1995.0
南,有电梯,低楼层(共23层),香梅花园(三-五期),1661,1室2厅,680.0,浦东,精装,82.01,1995.0
南北,无电梯,低楼层(共6层),菊泉新城(菊盛路50弄),1662,2室1厅,275.0,宝山,精装,79.17,1995.0
南,有电梯,高楼层(共24层),联洋年华,1663,1室2厅,730.0,浦东,其他,73.76,1995.0
南,无电梯,中楼层(共6层),香山新村东南街坊,1664,2室1厅,270.0,浦东,其他,51.66,1995.0
南,有电梯,中楼层(共7层),虹光公寓,1665,3室2厅,730.0,虹口,精装,106.6,1995.0
南北,无电梯,低楼层(共6层),莲浦新苑,1666,3室2厅,698.0,闵行,精装,135.55,1995.0
南,有电梯,高楼层(共26层),海珀旭晖酒店式公寓,1667,1室2厅,550.0,徐汇,精装,67.88,1995.0
南,有电梯,高楼层(共11层),中虹花园锦绣文华,1668,2室1厅,750.0,虹口,精装,96.65,1995.0
南,有电梯,低楼层(共12层),三湘世纪花城,1669,3室2厅,830.0,杨浦,简装,126.15,1995.0
南,有电梯,低楼层(共17层),好世鹿鸣苑,1670,1室1厅,465.0,闵行,精装,64.58,1995.0
南,有电梯,高楼层(共18层),田林十四村,1671,1室1厅,320.0,徐汇,精装,45.34,1995.0
东,有电梯,中楼层(共28层),云海苑,1672,4室2厅,1899.0,静安,简装,197.97,1995.0
南北,有电梯,20层2006年建板楼),远中风华园(公寓),1673,3室2厅,1840.0,静安,精装,160.82,
南,有电梯,中楼层(共18层),阳光花城,1674,2室2厅,650.0,浦东,毛坯,97.62,1995.0
南,有电梯,中楼层(共31层),阳光美景城,1675,3室2厅,848.0,闵行,精装,143.72,1995.0
南北,有电梯,高楼层(共7层),汇元坊,1676,3室2厅,860.0,杨浦,精装,131.53,1995.0
南北,有电梯,低楼层(共16层),布鲁斯小镇(二期),1677,2室2厅,255.0,浦东,毛坯,97,1995.0
南,无电梯,高楼层(共6层),桃林一小区,1678,3室1厅,850.0,浦东,简装,119.54,1995.0
南,有电梯,中楼层(共14层),金东名苑,1679,2室2厅,545.0,浦东,精装,86,1995.0
南,有电梯,高楼层(共12层),花木苑,1680,3室2厅,900.0,浦东,精装,146.21,1995.0
南,,低楼层(共15层),虞泽苑,1681,3室2厅,550.0,浦东,毛坯,116,1995.0
南,无电梯,高楼层(共6层),鹤北新村,1682,2室1厅,265.0,闵行,简装,69.8,1995.0
南,有电梯,低楼层(共26层),瑞虹新城怡庭,1683,2室2厅,1010.0,虹口,精装,102.38,1995.0
南,无电梯,中楼层(共6层),财大小区,1684,2室1厅,330.0,杨浦,简装,59.5,1995.0
南,有电梯,高楼层(共12层),南洋新都,1685,3室2厅,860.0,长宁,简装,127.42,1995.0
南,,低楼层(共10层),佳兆业珊瑚湾(公寓),1686,1室1厅,93.0,奉贤,精装,50.57,1995.0
南,无电梯,中楼层(共6层),洋泾花园城,1687,3室2厅,770.0,浦东,简装,128.49,1995.0
南,无电梯,低楼层(共7层),华佳花园,1688,2室2厅,405.0,浦东,精装,77.36,1995.0
南,有电梯,高楼层(共8层),毕加索小镇(一期)(公寓),1689,3室2厅,780.0,浦东,其他,138,1995.0
南,无电梯,高楼层(共7层),眉州路515弄,1690,2室1厅,295.0,杨浦,精装,52.91,1995.0
南,,低楼层(共6层),宜达新居,1691,1室2厅,210.0,青浦,毛坯,60.63,1995.0
南,有电梯,低楼层(共17层),浦江宝邸,1692,1室1厅,170.0,闵行,毛坯,59.99,1995.0
南,无电梯,低楼层(共6层),罗山花苑,1693,2室2厅,695.0,浦东,精装,69.09,1995.0
南,有电梯,低楼层(共11层),万科阳光苑,1694,3室2厅,572.0,闵行,其他,139.24,1995.0
南,无电梯,低楼层(共6层),新世纪花苑(二期)(浦东),1695,1室1厅,232.0,浦东,简装,48.13,1995.0
南,无电梯,高楼层(共6层),葑润华庭,1696,3室2厅,430.0,宝山,毛坯,110.46,1995.0
南,有电梯,低楼层(共30层),复地新都国际,1697,1室1厅,630.0,闸北,精装,69.59,1995.0
南,无电梯,高楼层(共6层),长宁支路318弄,1698,2室1厅,355.0,长宁,简装,57.6,1995.0
南,有电梯,低楼层(共16层),万邦都市花园,1699,3室2厅,900.0,浦东,简装,127.3,1995.0
南,无电梯,低楼层(共6层),汇成五村,1700,1室1厅,235.0,徐汇,毛坯,36.2,1995.0
东,无电梯,中楼层(共7层),蒙自路395弄,1701,1室1厅,230.0,黄浦,简装,31.4,1995.0
南,有电梯,高楼层(共14层),黄兴绿园,1702,3室2厅,880.0,杨浦,精装,129.09,1995.0
南北,有电梯,低楼层(共22层),徐汇苑,1703,3室2厅,2120.0,徐汇,精装,207,1995.0
南北,有电梯,高楼层(共35层),永业公寓,1704,3室2厅,1580.0,黄浦,精装,143.39,1995.0
南,无电梯,高楼层(共6层),水电新村,1705,1室2厅,260.0,杨浦,精装,57.62,1995.0
南,,中楼层(共11层),祥安菊苑,1706,3室2厅,250.0,浦东,其他,126.58,1995.0
南北,无电梯,低楼层(共6层),梅陇四村,1707,2室1厅,320.0,徐汇,其他,64.58,1995.0
南,,高楼层(共18层),翔和雅苑,1708,2室1厅,260.0,嘉定,毛坯,69.6,1995.0
南,有电梯,低楼层(共11层),华泾绿苑,1709,1室1厅,310.0,徐汇,毛坯,64.56,1995.0
